size,estimand,B,boot_mean,lo,hi,cluster
4M,exp_errors,500,1332.4598066666667,1194.3025833333334,1465.9524999999999,recipe
4M,mean_p_flip,500,0.37048864319398994,0.33057109160348774,0.411092049498111,recipe
4M,nas_weighted,500,0.41673529664320996,0.358817900807541,0.4730604191382128,recipe
4M,er_real_share,500,0.36301335262771045,0.3017754237420325,0.42403346926550517,recipe
4M,noise_share,500,0.1891404584931792,0.09494486702243364,0.3050428617365583,recipe
4M,discord_share,500,0.8108595415068207,0.6949571382634417,0.9050551329775665,recipe
10M,exp_errors,500,1097.4255133333331,975.9591666666665,1226.0240833333332,recipe
10M,mean_p_flip,500,0.3383979781672359,0.3022821040637791,0.37518470618873834,recipe
10M,nas_weighted,500,0.42935211203862766,0.39202941046508033,0.46728883439740143,recipe
10M,er_real_share,500,0.293176922447553,0.23366988067221722,0.36348015415372686,recipe
10M,noise_share,500,0.24806598743861835,0.1268862135317926,0.38390478997551414,recipe
10M,discord_share,500,0.7519340125613817,0.6160952100244856,0.8731137864682075,recipe
8M,exp_errors,500,1071.3243733333336,976.5578333333333,1181.309083333333,recipe
8M,mean_p_flip,500,0.32254654423594475,0.288269780986011,0.36292456880211826,recipe
8M,nas_weighted,500,0.4103387146391745,0.36656907326040805,0.45618679232326376,recipe
8M,er_real_share,500,0.2990158270195559,0.2379074944627919,0.3540171558617859,recipe
8M,noise_share,500,0.25436996248447985,0.1685276230509157,0.340668648042875,recipe
8M,discord_share,500,0.7456300375155201,0.6593313519571248,0.8314723769490843,recipe
6M,exp_errors,500,1207.91836,1070.9249166666666,1368.8635000000002,recipe
6M,mean_p_flip,500,0.3300162379354239,0.29496536813676355,0.36964271545410154,recipe
6M,nas_weighted,500,0.39070344831096204,0.3523195306732614,0.431494339010838,recipe
6M,er_real_share,500,0.3314364099563892,0.2625564300367585,0.40516506766431426,recipe
6M,noise_share,500,0.2673058966561125,0.15820945638046904,0.38660282080645014,recipe
6M,discord_share,500,0.7326941033438875,0.61339717919355,0.8417905436195309,recipe
16M,exp_errors,500,1043.8133666666668,948.5898333333333,1163.543,recipe
16M,mean_p_flip,500,0.2891771090894938,0.24085901107639074,0.3385344429500401,recipe
16M,nas_weighted,500,0.36827131223350634,0.3078388872448252,0.42611328918883135,recipe
16M,er_real_share,500,0.26583982207512324,0.20161887377247953,0.3312564947129002,recipe
16M,noise_share,500,0.279686312397312,0.20989095635315497,0.3738124291010482,recipe
16M,discord_share,500,0.7203136876026879,0.6261875708989517,0.7901090436468451,recipe
14M,exp_errors,500,1005.8763066666667,898.1878333333333,1148.3997499999998,recipe
14M,mean_p_flip,500,0.3223570139862597,0.2785107495449483,0.36324708489701146,recipe
14M,nas_weighted,500,0.42659017401260585,0.37030424525991984,0.4800460800573107,recipe
14M,er_real_share,500,0.25174942565787084,0.18907947216940485,0.32323246871498296,recipe
14M,noise_share,500,0.29072073465446313,0.18345080803475675,0.4144481301142904,recipe
14M,discord_share,500,0.7092792653455369,0.5855518698857096,0.8165491919652433,recipe
60M,exp_errors,500,927.4014733333333,819.0322500000001,1051.7295833333333,recipe
60M,mean_p_flip,500,0.23828728224262596,0.20102673349902034,0.27445242600515485,recipe
60M,nas_weighted,500,0.36689238234733956,0.31080218506526486,0.4158515467202343,recipe
60M,er_real_share,500,0.20910389005946034,0.16077281434305737,0.2610753136269622,recipe
60M,noise_share,500,0.2514800025855376,0.1712822959690976,0.3662358226123111,recipe
60M,discord_share,500,0.7485199974144624,0.633764177387689,0.8287177040309025,recipe
20M,exp_errors,500,1070.3410800000001,960.0969166666666,1197.11125,recipe
20M,mean_p_flip,500,0.28457705800458793,0.24356136122718453,0.3326891909353435,recipe
20M,nas_weighted,500,0.376760783531665,0.32706393693489577,0.4378833653505508,recipe
20M,er_real_share,500,0.2639873305199152,0.20852641647477108,0.3158546965510008,recipe
20M,noise_share,500,0.26165057801365627,0.16922621451078282,0.35815273546573567,recipe
20M,discord_share,500,0.7383494219863437,0.6418472645342643,0.830773785489217,recipe
90M,exp_errors,500,803.08716,723.7909166666666,905.0511666666667,recipe
90M,mean_p_flip,500,0.22038721850067378,0.1888669029995799,0.25981864649802444,recipe
90M,nas_weighted,500,0.3878700293743548,0.33989486062336083,0.434959526285025,recipe
90M,er_real_share,500,0.14122124691802687,0.10429377065779655,0.17729770190592825,recipe
90M,noise_share,500,0.3054847661265201,0.2090584130344015,0.4179408627432746,recipe
90M,discord_share,500,0.6945152338734799,0.5820591372567253,0.7909415869655986,recipe
150M,exp_errors,500,748.2066200000002,664.5549166666666,853.9545833333333,recipe
150M,mean_p_flip,500,0.18497158291749657,0.16142864257097245,0.21357082305476066,recipe
150M,nas_weighted,500,0.345533164614342,0.29135510046021335,0.4020269066696078,recipe
150M,er_real_share,500,0.13157713895556453,0.09347660324910724,0.1680584186200996,recipe
150M,noise_share,500,0.29008312313921397,0.19924642033159984,0.39901737446580987,recipe
150M,discord_share,500,0.7099168768607861,0.6009826255341902,0.8007535796684002,recipe
530M,exp_errors,500,479.80424,409.75725,565.7021666666666,recipe
530M,mean_p_flip,500,0.14494503488503396,0.12534876718185842,0.17084433434531093,recipe
530M,nas_weighted,500,0.3724033208474035,0.32869959357248124,0.4247669424796739,recipe
530M,er_real_share,500,0.05250611137713803,0.03900474187292398,0.06862266073939127,recipe
530M,noise_share,500,0.3862864268305878,0.2964123364389997,0.5123548326337802,recipe
530M,discord_share,500,0.6137135731694122,0.4876451673662196,0.7035876635610003,recipe
300M,exp_errors,500,553.5275333333333,470.8506666666667,661.578,recipe
300M,mean_p_flip,500,0.17106299178898335,0.14491401101928206,0.19804986507631836,recipe
300M,nas_weighted,500,0.38298701752187264,0.3346739693214067,0.43306135359958225,recipe
300M,er_real_share,500,0.06485814804631601,0.04810371194103352,0.08509718728260478,recipe
300M,noise_share,500,0.37616491699049465,0.2531436454463402,0.5125927815907864,recipe
300M,discord_share,500,0.6238350830095053,0.4874072184092135,0.7468563545536596,recipe
750M,exp_errors,500,558.3155933333333,477.2996666666667,688.4373333333332,recipe
750M,mean_p_flip,500,0.17602343499027193,0.1505213635135442,0.2108216002397239,recipe
750M,nas_weighted,500,0.382566204166352,0.32604301182624135,0.43736107978047356,recipe
750M,er_real_share,500,0.06956973860763813,0.0486046363552084,0.09217162184724675,recipe
750M,noise_share,500,0.3571544772137041,0.2416682316033882,0.4817965644674423,recipe
750M,discord_share,500,0.642845522786296,0.5182034355325577,0.7583317683966116,recipe
4M,exp_errors,2000,1327.8385826249998,1015.7008500000001,1599.3605999999997,task
4M,mean_p_flip,2000,0.3627591354325776,0.279844362201996,0.4393749312023148,task
4M,nas_weighted,2000,0.41142311967363265,0.3548392387505419,0.46520751129492943,task
4M,er_real_share,2000,0.37192170953779985,0.2123263310027416,0.5344015912946554,task
4M,noise_share,2000,0.22923570844651905,0.1263338096587843,0.34334711507330873,task
4M,discord_share,2000,0.7707642915534809,0.6566528849266912,0.8736661903412155,task
6M,exp_errors,2000,1187.9104745,885.8493125,1519.3273625,task
6M,mean_p_flip,2000,0.3212710060002153,0.25013308761239367,0.38745058762763096,task
6M,nas_weighted,2000,0.41885966400340874,0.31769993051100703,0.5277930971081051,task
6M,er_real_share,2000,0.33514825218282784,0.1772487802582107,0.5284065054249495,task
6M,noise_share,2000,0.3675018321757129,0.19931283088821566,0.577871043766293,task
6M,discord_share,2000,0.632498167824287,0.42212895623370666,0.8006871691117841,task
8M,exp_errors,2000,1040.59852425,771.8023875,1315.1428437499999,task
8M,mean_p_flip,2000,0.31777555688427106,0.24093788576210762,0.3993724660024178,task
8M,nas_weighted,2000,0.42305682770931596,0.3626774472697343,0.47842614005020134,task
8M,er_real_share,2000,0.2994931826135122,0.15049401079668456,0.44835874839458295,task
8M,noise_share,2000,0.25071810046223264,0.13006290503417758,0.38098181415845284,task
8M,discord_share,2000,0.7492818995377672,0.6190181858415471,0.8699370949658223,task
10M,exp_errors,2000,1072.973053,781.3482125,1332.3151249999999,task
10M,mean_p_flip,2000,0.3313546614870007,0.2397584900758889,0.4169535904728961,task
10M,nas_weighted,2000,0.4411423812561375,0.36485428344512444,0.5084025865249581,task
10M,er_real_share,2000,0.2937559648616497,0.14409433209223316,0.44328881417730504,task
10M,noise_share,2000,0.38828303589882623,0.22897827380594146,0.577820072978813,task
10M,discord_share,2000,0.6117169641011737,0.4221799270211869,0.7710217261940585,task
14M,exp_errors,2000,995.172735625,700.4337374999999,1302.1357562499998,task
14M,mean_p_flip,2000,0.3073644230650934,0.23020342426822843,0.3751077267778613,task
14M,nas_weighted,2000,0.41838417929522576,0.37425330776933896,0.4769030130147167,task
14M,er_real_share,2000,0.2604245733156557,0.13097274036239212,0.4104564909707177,task
14M,noise_share,2000,0.3796295538631921,0.2817929577952509,0.5226918438250273,task
14M,discord_share,2000,0.6203704461368079,0.47730815617497246,0.7182070422047493,task
16M,exp_errors,2000,1051.4944950000001,729.7403437500001,1394.2357625,task
16M,mean_p_flip,2000,0.28230826865191794,0.2083921373030487,0.35476763162334635,task
16M,nas_weighted,2000,0.34981544155348804,0.2967490037127633,0.4080555777920553,task
16M,er_real_share,2000,0.2820593686899763,0.13797473186723563,0.46958880495707306,task
16M,noise_share,2000,0.2381284533503794,0.17097519252180207,0.3209906236366026,task
16M,discord_share,2000,0.7618715466496206,0.6790093763633973,0.8290248074781976,task
20M,exp_errors,2000,1047.517087875,736.6264375,1391.3865312499997,task
20M,mean_p_flip,2000,0.27661282583160857,0.19930346993666925,0.35104769964406146,task
20M,nas_weighted,2000,0.3778548589949185,0.28982800336169706,0.459892527810098,task
20M,er_real_share,2000,0.27019744824294245,0.12632753198875116,0.4579677028379721,task
20M,noise_share,2000,0.279537819958755,0.1467683541721256,0.44237868536044606,task
20M,discord_share,2000,0.7204621800412448,0.5576213146395541,0.8532316458278745,task
60M,exp_errors,2000,917.681684,645.9503874999999,1193.3393875000002,task
60M,mean_p_flip,2000,0.22986637874016716,0.14212943078492235,0.3237553019554678,task
60M,nas_weighted,2000,0.35936747277562636,0.2555281284855724,0.4495354195494146,task
60M,er_real_share,2000,0.21987381197905495,0.09099555921973992,0.3786304938347252,task
60M,noise_share,2000,0.26327229989657047,0.13901742973009532,0.3974837327624501,task
60M,discord_share,2000,0.7367277001034295,0.60251626723755,0.8609825702699044,task
90M,exp_errors,2000,760.75308875,510.88178125,1022.5166062499999,task
90M,mean_p_flip,2000,0.20710710758417883,0.13069159500032684,0.2946213636231547,task
90M,nas_weighted,2000,0.39413567743657313,0.30015304083636657,0.4754290370872021,task
90M,er_real_share,2000,0.1434949812181866,0.06549312367837742,0.2422983837623398,task
90M,noise_share,2000,0.31654663293748614,0.15940490388489448,0.4983296518645735,task
90M,discord_share,2000,0.6834533670625139,0.5016703481354263,0.8405950961151055,task
150M,exp_errors,2000,708.01497525,466.7441125,984.5243312500002,task
150M,mean_p_flip,2000,0.16813203257863663,0.10636921616484432,0.24265010540884363,task
150M,nas_weighted,2000,0.32778967021460786,0.2546067506451313,0.3914332940320576,task
150M,er_real_share,2000,0.13430604901121146,0.058160683419910826,0.2351996668981804,task
150M,noise_share,2000,0.29729955447613177,0.21893041315378306,0.39187053869311994,task
150M,discord_share,2000,0.7027004455238682,0.60812946130688,0.781069586846217,task
300M,exp_errors,2000,511.70373675,348.74051875000004,682.2319687499999,task
300M,mean_p_flip,2000,0.1583899023687138,0.09472425582200658,0.23000610831378498,task
300M,nas_weighted,2000,0.37352189859263557,0.3020399228163061,0.4478066009062598,task
300M,er_real_share,2000,0.06400581375762472,0.025684514350557918,0.11751473472610567,task
300M,noise_share,2000,0.3926083953813194,0.27221516923684047,0.5569577825026135,task
300M,discord_share,2000,0.6073916046186805,0.4430422174973865,0.7277848307631596,task
530M,exp_errors,2000,425.19603362500004,271.70919999999995,570.5784999999997,task
530M,mean_p_flip,2000,0.1304085753172237,0.07312826427320572,0.18997046755101035,task
530M,nas_weighted,2000,0.35848114756436233,0.2937451167346303,0.4176654506523675,task
530M,er_real_share,2000,0.04678082296537378,0.018112009723835462,0.08351857536135954,task
530M,noise_share,2000,0.3810063035018201,0.26331935348089175,0.5150551010357697,task
530M,discord_share,2000,0.6189936964981799,0.4849448989642305,0.7366806465191081,task
750M,exp_errors,2000,517.2032927500001,321.8078375,716.5072562499997,task
750M,mean_p_flip,2000,0.1628698845714814,0.09364171922286782,0.24348092975398053,task
750M,nas_weighted,2000,0.36812047959462535,0.311158124670698,0.4327977781591989,task
750M,er_real_share,2000,0.07138989493443053,0.024272478949705235,0.13624740304742555,task
750M,noise_share,2000,0.3584120839826551,0.28020173290746553,0.4740934614325826,task
750M,discord_share,2000,0.6415879160173448,0.5259065385674173,0.7197982670925344,task
