n_recipes,n_pairs,mX,omX,mY,omY,rho,lamX,zetX,lamY,zetY,med_sigX,med_sigY,mean_p_flip,mean_p_flip_single,share_pflip_gt10,share_pflip_gt25,exp_errors,exp_errors_discord,exp_errors_noise,exp_discord_pairs,exp_errors_pros3,exp_errors_pros1,er_real,er_pros,er_real_share,er_pros_share,er_per_decision,er_pick_real,er_pick_pros,er_pick_latent,nas_c10,nas_c25,nas_weighted,task,size
25,300,0.34032325859909557,0.0,0.563280720326633,0.020624157424823028,0.0,-4.860131342857425,0.7191438040797634,-5.34497924955451,0.22063496516728862,0.0077494659872846695,0.004772050226480342,0.5,0.5,1.0,1.0,209.3165,209.3165,0.0,300.0,150.0,150.0,5.398210629937942,3.5595194265165366,0.7582780121558165,0.5,0.017994035433126474,0.05977651081752208,0.02766815891210359,0.04337729341828502,1.0,1.0,0.5,olmes_10_macro_avg,4M
25,300,0.3354578090321753,0.004148620148154883,0.563280720326633,0.020624157424823028,-0.26653442691375073,-5.238278000936449,0.5076043273206059,-5.34497924955451,0.22063496516728862,0.0053093917360658455,0.004772050226480342,0.2681470813139552,0.3246729509947352,0.8633333333333333,0.5066666666666667,167.3625,143.4845,23.878,176.914,171.06405611639306,166.45593169054695,4.147696736942035,4.253636544390584,0.5820375438511208,0.5969038538140027,0.013825655789806783,0.029888012176966596,0.03599903828383834,0.03528627906458123,0.811020987377698,0.4013458809470461,0.22970367053086405,olmes_10_macro_avg,6M
25,300,0.33999334682816623,0.002599709039322409,0.563280720326633,0.020624157424823028,0.45356264116586975,-5.148487529030014,0.22090707460426057,-5.34497924955451,0.22063496516728862,0.0058081827947477635,0.004772050226480342,0.3824598547450977,0.4223022425578073,1.0,0.8633333333333333,129.3345,72.15525,57.179249999999996,104.672,123.41324775648752,132.39883967005673,2.6938172900637625,2.608047926283758,0.3779735459615703,0.3659391178352185,0.008979390966879209,0.030669876420224677,0.0223936922834851,0.017851407813110596,1.0,0.9826573729360689,0.4651891880424297,olmes_10_macro_avg,8M
25,300,0.34189578838062656,0.0,0.563280720326633,0.020624157424823028,0.0,-5.003749614577985,0.3428619124989159,-5.34497924955451,0.22063496516728862,0.006712729602097245,0.004772050226480342,0.5,0.5,1.0,1.0,125.5575,125.5575,0.0,300.0,150.0,150.0,2.63902717524361,3.5579118451954344,0.37086742028295666,0.5,0.008796757250812033,0.012671379445234408,0.03160272902680333,0.043356660616242895,1.0,1.0,0.5,olmes_10_macro_avg,10M
25,300,0.35065250202035614,0.0022801188604151595,0.563280720326633,0.020624157424823028,0.8731223172760214,-4.874756697384286,0.3394248008671627,-5.34497924955451,0.22063496516728862,0.007636952083257102,0.004772050226480342,0.4426339766626792,0.4644990511231618,1.0,0.92,121.59775,29.85875,91.739,47.644,111.10437534982587,126.1786700153811,2.571527975681306,2.2128409575682335,0.3608957049788333,0.31055652706871295,0.008571759918937686,0.0018157272446796566,0.01628312037673066,0.004135855496008687,1.0,1.0,0.5862998727297642,olmes_10_macro_avg,14M
25,300,0.3519814069136526,0.005143691762720155,0.563280720326633,0.020624157424823028,0.7340249524500115,-5.122010507985671,0.5448794466942785,-5.34497924955451,0.22063496516728862,0.005964020123130411,0.004772050226480342,0.2680594766376935,0.3227555220277465,0.8433333333333334,0.45666666666666667,83.98075,48.3925,35.58825,71.41675000000001,91.04927527232321,105.05668309827001,1.778019350571459,1.6529912036844734,0.24915520813692693,0.23163491852332457,0.00592673116857153,0.006093748326722991,0.012430987672435848,0.006614037605883082,0.9942040288994799,0.7644489957520026,0.4333326062444681,olmes_10_macro_avg,16M
25,300,0.3548141606687632,0.005447994321132839,0.563280720326633,0.020624157424823028,0.8279174268521773,-4.903189099082074,0.02,-5.34497924955451,0.22063496516728862,0.007422873006655337,0.004772050226480342,0.27529914108628406,0.33741063620928863,0.8066666666666666,0.49333333333333335,77.73375,37.43000000000001,40.30375,55.3555,80.72518343506837,99.97733309656726,1.1592804199285274,1.2413764038895743,0.16284604766077018,0.1743782069960436,0.0038642680664284245,0.012023395281434986,0.010057211234367636,0.006735803798664463,1.0,0.9779471593741457,0.5064694522252989,olmes_10_macro_avg,20M
25,300,0.396418317598205,0.010199831066169575,0.563280720326633,0.020624157424823028,0.7788115094139734,-4.80350394406965,0.32215875359898766,-5.34497924955451,0.22063496516728862,0.008200960937567234,0.004772050226480342,0.1817985141583108,0.24120761156764586,0.5733333333333334,0.3233333333333333,66.8715,44.536500000000004,22.335,59.84375,71.77914036432782,85.34925868824968,0.8788257793867099,1.016908030442913,0.12332722122468959,0.14270455484716868,0.0029294192646223665,0.01930651691869248,0.009287221832028616,0.008925940052403032,0.9147020778657575,0.7632623763486687,0.3671052772769603,olmes_10_macro_avg,60M
25,300,0.41597046405769617,0.016337545786853373,0.563280720326633,0.020624157424823028,0.7972744050254973,-5.213190430133905,0.6156593542042034,-5.34497924955451,0.22063496516728862,0.005444276366551946,0.004772050226480342,0.0923128975974151,0.12852255462798354,0.31,0.14333333333333334,58.30175,47.79899999999999,10.502749999999999,56.45825,60.79657013696014,67.24995409748668,0.8200616935551304,0.7927825340425458,0.11495131182699034,0.11112748345388941,0.0027335389785171013,0.018773788896645792,0.018093826274721846,0.01858988088918125,0.6587924033155094,0.3930327991869884,0.21379479356893263,olmes_10_macro_avg,90M
25,300,0.43364158772483163,0.019961980170700767,0.563280720326633,0.020624157424823028,0.7905711830268748,-5.196807031890936,0.5139297427814461,-5.34497924955451,0.22063496516728862,0.005534206785793595,0.004772050226480342,0.07227128812322842,0.10204504079711486,0.21333333333333335,0.11666666666666667,52.370999999999995,45.32675,7.04425,53.285,56.55733310947102,61.62863507736033,0.7806621718081236,0.8093305586246623,0.10947053115331298,0.11349063568181382,0.0026022072393604117,0.04586600466496025,0.03287256294765234,0.03897795034239739,0.47983616887208574,0.3092789902808807,0.1651505089478888,olmes_10_macro_avg,150M
25,300,0.47438452503340434,0.022618753507216413,0.563280720326633,0.020624157424823028,0.8773274991297503,-4.9901716304345145,0.02,-5.34497924955451,0.22063496516728862,0.006804496533308099,0.004772050226480342,0.07150816148790375,0.10220277772771566,0.24666666666666667,0.11,41.4765,35.0565,6.42,43.018,46.40951159844248,51.515600360884875,0.48003771909815635,0.517145370646679,0.0672691500842364,0.07246915850436786,0.0016001257303271878,0.006505969890632588,0.007245308787933494,0.006789310594780531,0.5871216230877726,0.34529793979723455,0.19475222534500827,olmes_10_macro_avg,300M
25,300,0.511158165882025,0.023065119137110065,0.563280720326633,0.020624157424823028,0.9352837080010786,-4.887717381472624,0.02,-5.34497924955451,0.22063496516728862,0.007538610622816231,0.004772050226480342,0.07755738641343837,0.10889711463002118,0.25333333333333335,0.13666666666666666,33.20925,24.86025,8.349,32.7235,36.839354603841926,43.36679697404736,0.2538059460558157,0.27802343101995686,0.03563641954792958,0.039036751447120065,0.0008460198201860523,0.006140296885953403,0.006753915664651332,0.006867857940909081,0.7527345543786746,0.5771208322982303,0.2832973879416139,olmes_10_macro_avg,530M
25,300,0.49667808082866693,0.021288241999178382,0.563280720326633,0.020624157424823028,0.9008966202782669,-4.947690906886057,0.3890165100586086,-5.34497924955451,0.22063496516728862,0.007099784078429871,0.004772050226480342,0.0878538514695641,0.12366902207002818,0.2866666666666667,0.14333333333333334,41.3155,32.1605,9.155000000000001,40.847750000000005,46.11067469044569,53.60485761202813,0.48684498706481594,0.4907358879313195,0.06827838079535302,0.06882406662566584,0.0016228166235493864,0.01831982205355544,0.008658660832946087,0.00978205209842462,0.7491014268252835,0.5115332018249809,0.2536867442375147,olmes_10_macro_avg,750M
25,300,0.22510807736063707,0.0047267480794147285,0.41882442169131584,0.04707216532364902,0.4779389030485878,-4.42953742783135,0.10199864729978257,-4.811287108377837,0.5672255627096789,0.011920002259002131,0.008137379265374643,0.38614455936647574,0.4268152419830319,1.0,0.8966666666666666,113.7615,64.299,49.462500000000006,101.286,123.51989339335762,132.94282648390586,5.093180513641797,6.024590368091618,0.30981030822116024,0.366466531835154,0.01697726837880599,0.08516556876246469,0.0588013694997515,0.04412436792186612,1.0,0.9726423262703111,0.4649418010527751,arc_challenge,4M
25,300,0.2241183162684869,0.004213704513749174,0.41882442169131584,0.04707216532364902,0.7021163239160183,-4.399408178681757,0.02,-4.811287108377837,0.5672255627096789,0.012284608045062944,0.008137379265374643,0.4167011655823728,0.44760161343741867,1.0,0.8833333333333333,122.09675,48.513999999999996,73.58275,74.41250000000001,114.33769971137136,127.71472430664195,5.453745938060457,5.323587961302268,0.3317007887460109,0.3237844860721041,0.01817915312686819,0.02024610147386957,0.04904506011326433,0.02159250154409815,1.0,1.0,0.5418391327063286,arc_challenge,6M
25,300,0.22808873720136522,0.004837508096462563,0.41882442169131584,0.04707216532364902,0.3181862325874569,-4.507282572175029,0.02,-4.811287108377837,0.5672255627096789,0.011028388342920654,0.008137379265374643,0.3765273628385571,0.41932659231566116,1.0,0.9,131.07925,81.714,49.36525,117.83550000000001,130.8763613034539,137.39083206704777,6.770177811590516,6.654236861353205,0.41224587765634324,0.4051860662131247,0.022567259371968386,0.1402954727930874,0.06921809901473126,0.061956393564597985,1.0,0.9771779286195184,0.43082291773343123,arc_challenge,8M
25,300,0.227349260523322,0.0,0.41882442169131584,0.04707216532364902,0.0,-4.520987977225733,0.47382245802432665,-4.811287108377837,0.5672255627096789,0.010878270873792265,0.008137379265374643,0.5,0.5,1.0,1.0,145.32999999999998,145.32999999999998,0.0,300.0,150.0,150.0,7.885063399637632,8.225948785873326,0.47927987426683794,0.5,0.026283544665458774,0.1405705355449595,0.08362253142322172,0.1261396232199931,1.0,1.0,0.5,arc_challenge,10M
25,300,0.2298179749715586,0.003860925351985367,0.41882442169131584,0.04707216532364902,0.9768601720726872,-4.5484592499347105,0.1888377897121198,-4.811287108377837,0.5672255627096789,0.010583498353941371,0.008137379265374643,0.4059690834944444,0.44050417879528453,1.0,0.7566666666666667,98.08625,11.39075,86.69550000000001,20.2495,95.86435141788408,116.43192417655169,4.054904763798602,3.9775343509949534,0.24684950459628907,0.24213944377278915,0.013516349212662006,0.019979569136178987,0.03983834981887888,0.003424475889231016,1.0,1.0,0.6277775023362716,arc_challenge,14M
25,300,0.23348122866894197,0.0,0.41882442169131584,0.04707216532364902,0.0,-4.512320941496554,0.7124529601958581,-4.811287108377837,0.5672255627096789,0.010972962993366652,0.008137379265374643,0.5,0.5,1.0,1.0,60.562250000000006,60.562250000000006,0.0,300.0,150.0,150.0,1.7828184437996888,8.216772459560438,0.10848654094865016,0.5,0.0059427281459989625,0.01784756541098209,0.07728161198404675,0.12602091312821348,1.0,1.0,0.5,arc_challenge,16M
25,300,0.23022753128555176,0.007312383808154095,0.41882442169131584,0.04707216532364902,1.0,-4.531224424283457,0.02,-4.811287108377837,0.5672255627096789,0.01076748402914494,0.008137379265374643,0.29998195296680635,0.3573345361100505,0.9333333333333333,0.64,60.1545,38.619,21.5355,82.9965,100.94179245450636,114.63195570963829,1.644119504305431,4.41489878743163,0.09995255105515327,0.2683992223792248,0.00548039834768477,0.02062309810117912,0.043091668194864124,0.030243879434184315,1.0,0.9574553857151169,0.40869583803883236,arc_challenge,20M
25,300,0.2566097838452787,0.018523757356970393,0.41882442169131584,0.04707216532364902,0.9302703110733718,-4.355111165480305,0.02,-4.811287108377837,0.5672255627096789,0.012841012027562892,0.008137379265374643,0.16410183963756533,0.21801306736602796,0.45666666666666667,0.29,48.1255,24.086000000000002,24.0395,35.578,49.26501709295452,65.45010558813475,0.7835998306364618,1.0222956424554746,0.0478247129694221,0.062392810410146965,0.0026119994354548725,0.020673598514443278,0.010353443153653498,0.00881057195727191,0.987937787659349,0.9806495516929693,0.4858597520258131,arc_challenge,60M
25,300,0.27414106939704214,0.02768237834764201,0.41882442169131584,0.04707216532364902,0.9615145112355447,-4.474874453473299,0.02,-4.811287108377837,0.5672255627096789,0.011391652217109163,0.008137379265374643,0.10927786503012138,0.1461111834004856,0.29333333333333333,0.20666666666666667,30.878,16.0675,14.810500000000001,25.741999999999997,33.737387741028755,44.53932618573546,0.3393311104794419,0.4619205995356328,0.02071134849121717,0.028193697002132277,0.0011311037015981397,0.00019262192639701923,0.0070203121066319965,0.004386279241936921,0.9805363041647776,0.9682136148714297,0.45885649164500025,arc_challenge,90M
25,300,0.2964846416382253,0.03389400178395874,0.41882442169131584,0.04707216532364902,0.9412441319349685,-4.602617190848138,0.4268359498920656,-4.811287108377837,0.5672255627096789,0.010025562568071288,0.008137379265374643,0.09093410046570194,0.12230400950853758,0.27666666666666667,0.15,41.665000000000006,28.87525,12.789750000000002,35.97,39.87890542593531,46.26887770740693,0.5660718592703755,0.5917488883260776,0.03446231018668826,0.036025521156282776,0.0018869061975679184,0.017975022384724267,0.01461105221696669,0.015984459315622035,0.9290291611664465,0.6691107644305772,0.33760434530015954,arc_challenge,150M
25,300,0.33532423208191126,0.043901839737769094,0.41882442169131584,0.04707216532364902,0.9735528485900828,-4.4103097290939,0.1736479580756503,-4.811287108377837,0.5672255627096789,0.012151414100520395,0.008137379265374643,0.06907710364350735,0.097418677548447,0.21,0.12666666666666668,20.563000000000002,12.9205,7.642500000000001,19.5585,24.676260250550726,32.14327585659129,0.17136454995202716,0.26150123842688616,0.010445207282269275,0.015939321409845855,0.0005712151665067572,0.00010197937744795464,0.0060706974188726,0.004251280492212287,0.9463478091718133,0.7906798618878567,0.36957128844125453,arc_challenge,300M
25,300,0.36962457337883964,0.04561504007109718,0.41882442169131584,0.04707216532364902,0.9889575000538122,-4.502438406517038,0.27689432157104815,-4.811287108377837,0.5672255627096789,0.011081941287940511,0.008137379265374643,0.05933966401403747,0.08425050222591408,0.18,0.08,18.412,10.27225,8.13975,14.120999999999999,19.381954393698905,26.436040057491432,0.14725876219777462,0.16344162690064587,0.008958537865169536,0.00994302805131466,0.0004908625406592487,0.009455310745637966,0.004779403185543232,0.003492555812294073,0.9690419291766239,0.7043911579404736,0.39779107411340914,arc_challenge,530M
25,300,0.3588850967007964,0.04411478509761431,0.41882442169131584,0.04707216532364902,0.9929168536741214,-4.438685321205157,0.02,-4.811287108377837,0.5672255627096789,0.011811456588391549,0.008137379265374643,0.06650336299425764,0.09170701003596642,0.19333333333333333,0.11333333333333333,17.268,7.7165,9.5515,12.113249999999999,18.798562999568784,26.74411780653069,0.12545256662958626,0.14583877566847275,0.007635195189822661,0.008875924569652797,0.00041817522209862087,0.015918554667800903,0.004488449490286794,0.0019876137238884367,0.987187282835302,0.9067060458651841,0.44727258059250596,arc_challenge,750M
25,300,0.3094949494949495,0.015099184542162636,0.6961167227833893,0.0629770973570268,0.898780240182162,-5.28710908665818,0.02,-4.656068008178925,0.09761793517462179,0.005056356639961586,0.009503757728858475,0.08052766369645331,0.11528552929211472,0.27,0.13,28.61275,20.601,8.01175,28.777749999999997,33.94989762475116,41.87820463859239,0.692434210534965,0.9191160301211595,0.03159008720300806,0.04193171726564175,0.00230811403511655,0.00013667072011811193,0.005001672528422171,0.0025983034817802625,0.9476369800176495,0.6503481839389782,0.32327986353319205,arc_easy,4M
25,300,0.32290684624017957,0.01718341547183384,0.6961167227833893,0.0629770973570268,0.926510579235031,-4.997562186389314,0.02,-4.656068008178925,0.09761793517462179,0.006754392895858674,0.009503757728858475,0.09056345445715741,0.1272833995342165,0.2866666666666667,0.14,24.43925,15.14875,9.2905,24.567999999999998,31.899063400672166,41.82206394547687,0.5462903750984229,0.7643190558579442,0.024915474986677368,0.034859432247252214,0.001820967916994743,0.020888384469047273,0.019194356363410256,0.020663605567678562,0.89998670171957,0.7349141237967612,0.3949884821759275,arc_easy,6M
25,300,0.3325420875420875,0.021755730054596273,0.6961167227833893,0.0629770973570268,0.8817930304960874,-4.9144692124901335,0.3805418563333137,-4.656068008178925,0.09761793517462179,0.007339612633395299,0.009503757728858475,0.09458653439476182,0.12906493318644977,0.31,0.15,35.778,24.303000000000004,11.475,32.94225,38.561643948871236,46.50098281106817,1.074186394331528,1.2063302748840616,0.04899605395787583,0.05502343313147277,0.0035806213144384267,0.02245981493658921,0.01667151524185085,0.018069530874553465,0.9287271507630386,0.7281360053664263,0.3545772025899491,arc_easy,8M
25,300,0.33864758698092035,0.02448779343807938,0.6961167227833893,0.0629770973570268,0.9066922925882631,-4.875284724486346,0.02,-4.656068008178925,0.09761793517462179,0.007632920630031958,0.009503757728858475,0.07940955589017466,0.10974674489527397,0.25,0.13666666666666666,27.87175,18.29775,9.574,25.857,30.78650852385605,38.25904438005615,0.6977916221028512,0.8277434805305286,0.0318133638174827,0.03773806342688607,0.0023259720736761706,0.02216527215470442,0.015269631441539864,0.01691178568408383,0.9358759317229811,0.7598554091508427,0.3703182075689136,arc_easy,10M
25,300,0.3541189674523008,0.02611430997906652,0.6961167227833893,0.0629770973570268,0.8868005260864549,-4.886688329504529,0.02,-4.656068008178925,0.09761793517462179,0.0075463722377819885,0.009503757728858475,0.07010666525822375,0.1003378396286292,0.23666666666666666,0.10333333333333333,33.4225,25.308750000000003,8.11375,31.386249999999997,34.91572423057153,40.881301208141146,0.9268620475837317,1.008739144176603,0.04226674603819262,0.04600050389035326,0.003089540158612439,0.022474503993086637,0.016610968479335405,0.018470039066435708,0.8782781060662728,0.526366968359638,0.28935302623253784,arc_easy,14M
25,300,0.36179573512906843,0.031148892240841688,0.6961167227833893,0.0629770973570268,0.845385296600149,-4.957346505525383,0.02,-4.656068008178925,0.09761793517462179,0.007031561308819953,0.009503757728858475,0.06596023561549441,0.09178801705142949,0.22,0.11333333333333333,36.7105,29.52575,7.18475,36.249500000000005,38.423784213896695,42.451457016306534,1.2727569323130625,1.2920736139749132,0.05802589099271691,0.058906552206177784,0.004242523107710209,0.023053511371123107,0.012659907404780369,0.013070863173627791,0.7849321038939812,0.4720379727870772,0.2452921542260935,arc_easy,16M
25,300,0.36929292929292934,0.03670965346620271,0.6961167227833893,0.0629770973570268,0.8473688193873588,-4.7531140769438815,0.09859064115507175,-4.656068008178925,0.09761793517462179,0.008624795064851906,0.009503757728858475,0.06756511240137424,0.09609670335643979,0.21,0.11333333333333333,33.82575,26.6475,7.17825,33.29825,36.36239226637207,41.6759198260267,0.9927921156987733,1.114258364184201,0.04527969736699189,0.05081958319480477,0.0033093070523292443,0.02255751044540439,0.020705895707787598,0.02208449347812646,0.7554451859899632,0.5188724566343688,0.2605895153402049,arc_easy,20M
25,300,0.44542648709315374,0.053764208946312037,0.6961167227833893,0.0629770973570268,0.892567304193952,-4.799526808732421,0.02,-4.656068008178925,0.09761793517462179,0.008233642214964585,0.009503757728858475,0.053814784744316765,0.06884869193473696,0.16,0.10666666666666667,22.1575,16.56925,5.5882499999999995,23.6295,25.68234028611243,28.776137740247812,0.4023405298252581,0.5609050537426585,0.01835157446296062,0.025584026707127738,0.001341135099417527,0.02169511418256704,0.021657772096937287,0.02169511418256704,0.7635902064763626,0.547105946067923,0.2828270222455988,arc_easy,60M
25,300,0.4831818181818182,0.06190828162844763,0.6961167227833893,0.0629770973570268,0.9312387939796162,-4.522773741788896,0.02,-4.656068008178925,0.09761793517462179,0.010858862177995731,0.009503757728858475,0.056219022049784045,0.07204173505765996,0.17666666666666667,0.09666666666666666,20.26325,13.6165,6.646750000000001,19.9575,22.56779863512213,26.185886804773446,0.3796376339763282,0.4632470429876439,0.017316623835225066,0.021130346594398903,0.001265458779921094,0.02211268685104369,0.016170425429902296,0.017951226105752838,0.8762044588109016,0.700985774739985,0.3538668245112112,arc_easy,90M
25,300,0.5211784511784512,0.06789728525118513,0.6961167227833893,0.0629770973570268,0.9496064189914146,-4.812124186356665,0.02,-4.656068008178925,0.09761793517462179,0.00813057049451987,0.009503757728858475,0.029587526232305213,0.04142562699633869,0.08333333333333333,0.056666666666666664,16.41,12.715250000000001,3.69475,15.575500000000002,16.849786475040553,19.196176611170305,0.2206280062569132,0.22045443796450623,0.010058152522239903,0.010050239762714618,0.000735426687523044,0.021490179642607826,0.01959827664906572,0.02078768163970818,0.6439366240097502,0.5497105423522243,0.25311934107876827,arc_easy,150M
25,300,0.5883726150392817,0.07813734350977226,0.6961167227833893,0.0629770973570268,0.9776686746121482,-4.792383255104291,0.02,-4.656068008178925,0.09761793517462179,0.008292670263679474,0.009503757728858475,0.01936940984223103,0.0292124138598165,0.06333333333333334,0.03666666666666667,13.399999999999999,11.817499999999999,1.5825000000000002,14.036749999999998,14.95324505402343,16.628248993596884,0.11745093782964611,0.1449645364817999,0.005354789760822641,0.006609181927189396,0.00039150312609882037,0.019422215769638776,0.014288695351350477,0.015939360555917326,0.4988059701492537,0.3290298507462687,0.15115294443441776,arc_easy,300M
25,300,0.636705948372615,0.07203371800160537,0.6961167227833893,0.0629770973570268,0.990552603894205,-4.8202538966570785,0.3729391514073882,-4.656068008178925,0.09761793517462179,0.00806473926879635,0.009503757728858475,0.021087170308841673,0.033450018168957873,0.07333333333333333,0.023333333333333334,8.37325,6.4235,1.9497499999999999,8.222249999999999,10.02806265452385,12.976313333333975,0.07075707110883074,0.08590678386139095,0.0032175284152111683,0.00390642961617631,0.00023585690369610246,0.00011831951270817381,0.0040033858717798375,0.0019138795229980952,0.7618905442928373,0.3537157017884334,0.24595481138188988,arc_easy,530M
25,300,0.6176599326599326,0.06991311643592207,0.6961167227833893,0.0629770973570268,0.9849080029351754,-4.452534841027958,0.02,-4.656068008178925,0.09761793517462179,0.011649001147852197,0.009503757728858475,0.03374037156173411,0.050812374119823506,0.11666666666666667,0.056666666666666664,10.32375,7.1194999999999995,3.20425,10.307500000000001,13.051979698323713,17.405592659227157,0.07037282432596949,0.11943318059295427,0.003205993525533983,0.005441049259886548,0.00023457608108656496,0.000151358655886688,0.00480367232198667,0.0025443912840673803,0.9033297009323161,0.7521733866085483,0.3238789655136361,arc_easy,750M
25,300,0.5182670744138634,0.033629078111300545,0.6237893306150187,0.04149446372840885,-0.3184026934331065,-2.5378669608705806,0.5559861443355164,-3.588974236185766,0.2893726702229246,0.07903480445043791,0.02762665431625948,0.33449224796162863,0.3825207482526474,0.9633333333333334,0.64,169.982,140.63125,29.350749999999998,184.691,172.45936227245636,166.13690251511287,7.149452331008024,7.538093268731899,0.5786559559877641,0.6101114273920867,0.023831507770026746,0.060958232641007866,0.060891112359543455,0.0632992232176002,0.9453206810132838,0.543219282041628,0.294777153708962,boolq,4M
25,300,0.43297859327217125,0.04646810535418995,0.6237893306150187,0.04149446372840885,-0.5489931597771471,-3.619083384639835,1.2697857862254038,-3.588974236185766,0.2893726702229246,0.02680723715992048,0.02762665431625948,0.24215451347529932,0.30103888504764903,0.8533333333333334,0.4166666666666667,195.35275,173.18349999999998,22.16925,198.476,188.4857939730709,181.13673024493988,9.223179597868093,9.05988830927354,0.7483709093387171,0.7351214167059548,0.030743931992893644,0.11171467197703452,0.08540915556337618,0.10540835291604592,0.784908326092159,0.3354892623728102,0.21012962694007503,boolq,6M
25,300,0.4261121304791029,0.0,0.6237893306150187,0.04149446372840885,0.0,-3.158009059128004,0.8743681412187773,-3.588974236185766,0.2893726702229246,0.04251029236282615,0.02762665431625948,0.5,0.5,1.0,1.0,177.02625,177.02625,0.0,300.0,150.0,150.0,8.286273918703621,6.0526799488942675,0.6845128099179767,0.5,0.027620913062345404,0.036001770434057105,0.04891108234431813,0.02258752458926749,1.0,1.0,0.5,boolq,8M
25,300,0.42920285423037713,0.015384189745238145,0.6237893306150187,0.04149446372840885,-0.3762496274055322,-2.8004920615649245,0.38739359178101246,-3.588974236185766,0.2893726702229246,0.06078014769123766,0.02762665431625948,0.43475322797465255,0.4597955848869583,1.0,1.0,167.88850000000002,123.405,44.48350000000001,179.452,161.5716775996654,157.13393710711463,7.617153803941302,7.010601238202507,0.6325304841919687,0.5821621973003316,0.025390512679804342,0.04234822417652024,0.06367403998747567,0.1082872462833597,1.0,1.0,0.4151330437129211,boolq,10M
25,300,0.4385891946992864,0.022861841110550233,0.6237893306150187,0.04149446372840885,-0.3079200200339895,-2.92900667206362,0.7098379270086614,-3.588974236185766,0.2893726702229246,0.053450105267070544,0.02762665431625948,0.3461145584100794,0.39409368905206954,0.98,0.7933333333333333,147.15449999999998,117.9495,29.205000000000002,160.72925,158.19646853707422,156.20436169952575,6.847253734464038,7.140019184515397,0.5716658999174515,0.5961084035778549,0.022824179114880126,0.07641656541162806,0.05640173926785233,0.11826805004745979,0.9592265272213899,0.7211824986663677,0.32269153994444794,boolq,14M
25,300,0.4268501529051988,0.013744371205318193,0.6237893306150187,0.04149446372840885,-0.8397343308190685,-3.152052129195341,0.6915707791715514,-3.588974236185766,0.2893726702229246,0.04276427893489604,0.02762665431625948,0.4181484172887414,0.4446799046999693,0.9666666666666667,0.8833333333333333,167.009,144.28050000000002,22.7285,226.212,182.24461962249103,171.15651898567006,8.233998719484596,8.631611087691285,0.6804255729598517,0.7132827098953666,0.027446662398281987,0.20580813857070235,0.09151431594022753,0.205490614186059,0.9401229873839134,0.7924303480650745,0.3551195283518633,boolq,16M
25,300,0.429887869520897,0.022313762773624787,0.6237893306150187,0.04149446372840885,0.011387561443874636,-2.8579641320782585,0.02,-3.588974236185766,0.2893726702229246,0.057385470660573125,0.02762665431625948,0.39849633192009015,0.43480495511929196,1.0,0.95,150.6295,102.06675,48.562749999999994,146.74725,147.83813053647106,148.54595652451252,6.510801519770741,6.03189920345194,0.5370549239026791,0.4975518233602336,0.021702671732569137,0.026734825181195986,0.04442829351653573,0.03803884103539144,1.0,0.9735493379450905,0.4062088494026124,boolq,20M
25,300,0.519335372069317,0.0,0.6237893306150187,0.04149446372840885,0.0,-2.677124866055561,0.3599443184873889,-3.588974236185766,0.2893726702229246,0.06876056606297416,0.02762665431625948,0.5,0.5,1.0,1.0,147.17425,147.17425,0.0,300.0,150.0,150.0,6.142760002961888,6.048518807751831,0.5077904358244928,0.5,0.020475866676539625,0.013897026533066782,0.05083175539677517,0.022168159619569895,1.0,1.0,0.5,boolq,60M
25,300,0.5394780835881753,0.041414519473321906,0.6237893306150187,0.04149446372840885,0.6697575596361222,-2.879637365377849,0.02,-3.588974236185766,0.2893726702229246,0.05615512293405906,0.02762665431625948,0.3048435368868516,0.356588129983087,0.8633333333333333,0.64,109.5695,65.37899999999999,44.19050000000001,91.8,104.9500548988351,116.10722799633581,2.9450599635838173,2.72773894104942,0.23784068844311348,0.2202900163848631,0.009816866545279392,0.027798905964134257,0.028406447264061652,0.023645860613017395,0.9962991525926468,0.8931682630659079,0.4117497545532853,boolq,90M
25,300,0.5159836901121304,0.06321086623460187,0.6237893306150187,0.04149446372840885,0.451449872268135,-2.944717826952344,0.02,-3.588974236185766,0.2893726702229246,0.05261690479413298,0.02762665431625948,0.2004280858143713,0.2562799192064821,0.6233333333333333,0.38,119.73675000000001,95.0995,24.637249999999998,114.89325,118.04095322989097,122.68102838968451,3.5646036165832773,3.391086058184425,0.2924431925862396,0.27820766061520696,0.01188201205527759,0.058720102724832836,0.036141827300210934,0.03706297108046185,0.7604473981463501,0.4853459777386641,0.25047553360765634,boolq,150M
25,300,0.5230050968399592,0.04727990343019451,0.6237893306150187,0.04149446372840885,0.7107111819014332,-2.906569428772256,0.08553532448470012,-3.588974236185766,0.2893726702229246,0.05466293366507013,0.02762665431625948,0.2733605363129642,0.32795960228483106,0.7833333333333333,0.56,96.62025,59.327,37.29325,84.42599999999999,97.63879235925029,109.43413463272432,2.327054083525125,2.431740264365064,0.18968999660080318,0.19822349886371468,0.00775684694508375,0.020178774185880495,0.02443870436556506,0.020027808508524578,0.9622077152563774,0.8136156758029504,0.38865600137966666,boolq,300M
25,300,0.5591274209989806,0.039924910005403984,0.6237893306150187,0.04149446372840885,0.9602675959512783,-3.0476110606864744,0.49163219692481214,-3.588974236185766,0.2893726702229246,0.04747219723456865,0.02762665431625948,0.300589022477233,0.3512381189100399,0.8566666666666667,0.6066666666666667,77.09725,24.731,52.36625,38.004,78.61659234243008,98.21405213153345,1.513660447985143,1.627833902548212,0.12222039637149565,0.13143932317266566,0.005045534826617144,0.013694046032661574,0.024116932347650936,0.005732332794754939,0.9989461362110839,0.9532279037190043,0.4723376864668505,boolq,530M
25,300,0.5460754332313966,0.04772642653060142,0.6237893306150187,0.04149446372840885,0.5945846248536764,-3.072511688467206,0.5469418977482292,-3.588974236185766,0.2893726702229246,0.04630470568138678,0.02762665431625948,0.24434464218900426,0.30065739897475274,0.7766666666666666,0.4866666666666667,112.17,82.21424999999999,29.955750000000002,103.9245,113.23939138460486,120.9930939670237,2.9234911459049995,3.122691614042498,0.24153613190131634,0.25799389015868524,0.009744970486349999,0.021569229055880917,0.0332467846143302,0.028463561898379675,0.872929482036195,0.6563742533654273,0.3049611221915944,boolq,750M
25,300,0.21474201474201476,0.0013275698570211062,0.6265829465829466,0.02758615426741387,1.0,-4.917270019400145,0.7453224702939013,-4.5753700621165345,0.4012435914560166,0.00731908455662392,0.01030248591272932,0.4209423287977566,0.4472928175005912,1.0,0.9366666666666666,99.97625,63.24549999999999,36.73075,121.713,135.70830188901778,140.16508760064107,2.5981751253038348,4.126935260034675,0.2726811758376095,0.43312613855478543,0.008660583751012783,0.056869050876480184,0.041930525038602215,0.02171239199077406,1.0,0.9965741863692626,0.45286234815041376,csqa,4M
25,300,0.22495222495222497,0.0077270554553724715,0.6265829465829466,0.02758615426741387,0.39106735914958174,-4.35436970990668,0.02,-4.5753700621165345,0.4012435914560166,0.012850536598088312,0.01030248591272932,0.32159729370075807,0.375955508334277,0.9566666666666667,0.7066666666666667,115.25725,76.48925,38.768,108.76024999999998,120.08191088100423,128.6437125241918,3.4016351044180873,3.422080366630434,0.35670411758365417,0.3588480598327065,0.011338783681393624,0.006043588116335228,0.021147606849854717,0.011824844334002405,0.9989566816837987,0.910135804905982,0.3944222789995643,csqa,6M
25,300,0.23891891891891892,0.009755912213275595,0.6265829465829466,0.02758615426741387,0.3101015369085602,-4.359649178476874,0.02,-4.5753700621165345,0.4012435914560166,0.012782871369400796,0.01030248591272932,0.2715173588888382,0.3329927486325699,0.8766666666666667,0.5433333333333333,113.62324999999998,82.74775,30.8755,110.59549999999999,119.18172175477508,126.99865918651763,3.6082796410972424,3.602590462146311,0.3786277686582181,0.37803078578938665,0.012027598803657474,0.04105137043489387,0.032597175015228304,0.03002417535906582,0.9519288525895889,0.6932978065668779,0.33178869942098344,csqa,8M
25,300,0.24216216216216221,0.009189631137885136,0.6265829465829466,0.02758615426741387,0.7437755518217447,-4.529129273560363,0.02,-4.5753700621165345,0.4012435914560166,0.010790067180386312,0.01030248591272932,0.2509541441769987,0.31337394458842754,0.77,0.47,72.74425,40.533,32.21125,61.9165,80.60405238091926,97.61611705452921,1.7395023294852963,1.7820183770212297,0.18112032864340763,0.1855471812964912,0.005798341098284321,0.005638575152473616,0.014325147433191425,0.008641050542525829,0.9980410822848541,0.902937345563395,0.45024271516978487,csqa,10M
25,300,0.26412230412230414,0.005121977750989476,0.6265829465829466,0.02758615426741387,1.0,-4.43253284631788,0.5818696203803795,-4.5753700621165345,0.4012435914560166,0.011884350286821678,0.01030248591272932,0.36782111220566444,0.40863573135365605,0.99,0.8466666666666667,74.26925,46.92124999999999,27.348,103.48124999999999,121.16709212917573,129.75706460751906,1.48614696499034,3.4307085056591244,0.15573461367735353,0.35950688347427834,0.004953823216634467,0.0021888447433508567,0.028789059873797575,0.013762759234246741,1.0,0.9832972596330245,0.42681179556615334,csqa,14M
25,300,0.27302211302211304,0.014693962931800026,0.6265829465829466,0.02758615426741387,0.4980050205158048,-4.170888507359778,0.02,-4.5753700621165345,0.4012435914560166,0.015438536774615463,0.01030248591272932,0.25008650996524173,0.3060536928100955,0.73,0.49333333333333335,115.68425,78.03649999999999,37.64775,97.975,105.10881939587418,113.80938118787608,3.1322720886326323,2.739890217199923,0.3285269216595574,0.287372129007723,0.010440906962108774,0.0177031295962013,0.024792182853487874,0.02193663841058838,0.929439400782734,0.7726570384473254,0.36639650338893354,csqa,16M
25,300,0.283942123942124,0.01617176375078717,0.6265829465829466,0.02758615426741387,0.4356000877835361,-4.2498467340394726,0.02,-4.5753700621165345,0.4012435914560166,0.014266420298055736,0.01030248591272932,0.19698132541495444,0.25803048311349924,0.6533333333333333,0.3466666666666667,104.78775000000002,81.88750000000002,22.90025,100.56875000000001,106.34376914696648,113.77171304413774,2.889533152210993,2.8459603866952308,0.3030804955591044,0.29851018794547035,0.009631777174036642,0.059091207768068324,0.030982917282049743,0.0325505045908801,0.8086894699046405,0.5441046305508037,0.27177079660960923,csqa,20M
25,300,0.36750204750204746,0.018351616751607274,0.6265829465829466,0.02758615426741387,0.5319840507949489,-4.104274760497953,0.02,-4.5753700621165345,0.4012435914560166,0.016501982389108542,0.01030248591272932,0.20662906726143448,0.26629681430272445,0.67,0.37666666666666665,89.82000000000001,65.211,24.608999999999998,85.2565,93.63120721185578,103.73195556592663,2.5090199874525534,2.5167183168971805,0.2620226854344652,0.2628266395538138,0.008363399958175179,0.018556049064104192,0.020852106502353196,0.015734007550677616,0.8815408594967713,0.6496353818748608,0.3192161870519214,csqa,60M
25,300,0.3987441987441988,0.024106728398740493,0.6265829465829466,0.02758615426741387,0.6458099542172038,-4.059190448306559,0.02,-4.5753700621165345,0.4012435914560166,0.017262988741785723,0.01030248591272932,0.1695544878415228,0.2250040112811169,0.5466666666666666,0.3,82.7665,60.774249999999995,21.99225,74.96625,81.51636896982278,90.85199379267283,2.020901549788695,1.9025961611319373,0.21188903176485965,0.1994848578664989,0.00673633849929565,0.011297003056686943,0.013155034554213227,0.011223089308861343,0.8590945612053186,0.6392954879087555,0.30932928356450373,csqa,90M
25,300,0.43686595686595686,0.02121665104764216,0.6265829465829466,0.02758615426741387,0.6478462264235132,-4.210911944013635,0.02,-4.5753700621165345,0.4012435914560166,0.014832835452911385,0.01030248591272932,0.17226456629233738,0.22549289699946967,0.5266666666666666,0.31,77.14224999999999,55.54575,21.5965,71.63674999999999,78.88267649201302,88.6842324466246,1.8726346078770701,1.8391000430493238,0.19567607513866395,0.19217196814449947,0.006242115359590234,0.0017061240696239204,0.01134644465280479,0.006667470703391637,0.8407422651011607,0.6363438971510424,0.3177589567486035,csqa,150M
25,300,0.5062626262626263,0.027412328612222425,0.6265829465829466,0.02758615426741387,0.8081160015841561,-4.352962343712753,0.4004644540488111,-4.5753700621165345,0.4012435914560166,0.01286863474124049,0.01030248591272932,0.12503391017505056,0.1712119269881156,0.38333333333333336,0.21,47.78725,34.848499999999994,12.938749999999999,48.176249999999996,55.33642755290204,65.39811585853175,0.7800361055452312,0.9454734805251536,0.08127194815223981,0.098508865349057,0.002600120351817437,0.0019466222578653602,0.006323412760542594,0.0032784549885206005,0.8144013308989322,0.6224986790409576,0.3002162827358674,csqa,300M
25,300,0.5603494403494403,0.027516434172401336,0.6265829465829466,0.02758615426741387,0.8698718457863079,-4.409707197024771,0.02,-4.5753700621165345,0.4012435914560166,0.012158737923398728,0.01030248591272932,0.11914271013346811,0.15571401569613036,0.37333333333333335,0.22333333333333333,46.90175,31.5615,15.340250000000001,42.65875,48.5825273558642,56.76301594497091,0.7721712565683858,0.7040190492341634,0.08035480529908087,0.0732626514478982,0.002573904188561286,0.0015785940121575972,0.006549317371294905,0.003936210084476124,0.9046943877360651,0.7282670689259995,0.34622265966031124,csqa,530M
25,300,0.5425061425061425,0.023102000529906658,0.6265829465829466,0.02758615426741387,0.8279865286969293,-4.366365865254499,0.3480816091481236,-4.5753700621165345,0.4012435914560166,0.012697300524278357,0.01030248591272932,0.13550982100343364,0.18544740070492385,0.45666666666666667,0.22333333333333333,55.049499999999995,39.0975,15.952,50.903999999999996,58.724751303503545,69.3908530519825,0.8752660154378855,0.9693370722707012,0.09139603785559502,0.1012190193489488,0.0029175533847929517,0.0021505805916782906,0.010065334904716177,0.0059354748198661616,0.91822814012843,0.644910489650224,0.3213384886592866,csqa,750M
25,300,0.24912301666334727,0.0011892929556911098,0.6060187213702449,0.033279163409784235,-0.24808250767985202,-6.211970643344552,0.15781338484741267,-5.801670116966005,0.02,0.002005281872444129,0.0030225025948455364,0.3348977624170602,0.38418165893340095,0.95,0.76,196.39125,153.89775,42.4935,188.2085,176.48844116596166,168.83626131526094,6.378077012938101,5.969251695096985,0.6452227982771301,0.603864969726473,0.02126025670979367,0.04811490531928087,0.04787121081642964,0.04777364817843953,0.9358487203477752,0.6939285737017306,0.3065684071909536,hellaswag,4M
25,300,0.2557246232490208,0.001686354774820537,0.6060187213702449,0.033279163409784235,-0.221005985886326,-6.197353751423875,0.02,-5.801670116966005,0.02,0.0020348081261767994,0.0030225025948455364,0.2536765667427635,0.31654115519285086,0.81,0.47333333333333333,187.011,160.2405,26.7705,187.8435,181.0932871901855,174.01291645193027,6.054053239555904,6.024874083024799,0.6123054169387246,0.6093542444103824,0.020180177465186345,0.04807101929873487,0.042697431473696625,0.04176860196581678,0.7437623990032671,0.39314398618263097,0.21935624938438136,hellaswag,6M
25,300,0.2604023102967536,0.0015081759257757582,0.6060187213702449,0.033279163409784235,0.07425650818669383,-6.221627967032678,0.3884007773977875,-5.801670116966005,0.02,0.001986009426226756,0.0030225025948455364,0.2803019720741466,0.3370128990030642,0.91,0.5766666666666667,158.80475,126.25625,32.548500000000004,155.2345,154.2421242525571,153.32327117447073,4.602325795660736,4.451302508068921,0.46544907864716417,0.4501755727753826,0.015341085985535786,0.032282553911373725,0.03649052893178701,0.036225054132013906,0.900993200770128,0.5705323675771663,0.27908009122570593,hellaswag,8M
25,300,0.26179645488946424,0.0014879287301616244,0.6060187213702449,0.033279163409784235,0.19139840717273707,-6.6736072528951915,0.15710692005813012,-5.801670116966005,0.02,0.0012638315584022463,0.0030225025948455364,0.2193375261453519,0.2746147805876037,0.6966666666666667,0.42,157.09875,129.90575,27.193,151.69574999999998,150.62134166017765,149.58935852764102,3.7921949190210698,3.9352572231139122,0.38375588172825226,0.398233249538079,0.012640649730070232,0.048003657293255286,0.042309823912373964,0.045637000609450626,0.7126823096937436,0.44404236189021234,0.22996341409065046,hellaswag,10M
25,300,0.2644307242913098,0.0009489591000150701,0.6060187213702449,0.033279163409784235,-0.09932638461366622,-6.043497193184184,0.02,-5.801670116966005,0.02,0.002373244688715595,0.0030225025948455364,0.3929611730526867,0.4310215789595713,1.0,0.9466666666666667,184.307,130.89825000000002,53.40875,168.44875,160.07287553466338,156.501451020242,5.653359375769519,5.251901887337559,0.5718749700094788,0.5312648700853329,0.018844531252565064,0.051865649947913754,0.042126600650635,0.041981230269947434,1.0,0.944482575268438,0.38558897982464935,hellaswag,14M
25,300,0.2653654650468034,0.0016712885944526923,0.6060187213702449,0.033279163409784235,-0.039069021933328486,-6.266637120813612,0.122256828929,-5.801670116966005,0.02,0.0018986026308974707,0.0030225025948455364,0.25004751118324436,0.31114661317614,0.8066666666666666,0.49,163.2305,136.1905,27.04,163.0835,160.76990002764865,158.43634309624028,5.0642675303254485,5.128940713405326,0.5123031960934619,0.5188455594648593,0.016880891767751496,0.05183275189186257,0.04117211074998615,0.0425822212993538,0.7915677523502042,0.45414613077825533,0.23732420022756417,hellaswag,16M
25,300,0.266087764721503,0.0019296563605613961,0.6060187213702449,0.033279163409784235,-0.7607979846490904,-6.103188295885615,0.734322516274942,-5.801670116966005,0.02,0.00223572818109215,0.0030225025948455364,0.26607681326694943,0.3198448656908054,0.7933333333333333,0.48333333333333334,212.40475,191.5955,20.80925,228.13175,209.5201540632506,196.14409776906706,7.987007087293188,8.034786626792448,0.8074678009707896,0.8122982010529735,0.02662335695764396,0.05207888387132102,0.10516983431375007,0.14223084101815417,0.7106067543216431,0.31732105802718624,0.19501581512345334,hellaswag,20M
25,300,0.2930956648741951,0.004635010419962665,0.6060187213702449,0.033279163409784235,-0.16502216012705917,-5.945787965342681,0.24877167333306718,-5.801670116966005,0.02,0.002616839556887745,0.0030225025948455364,0.13168554263908405,0.18191712517354208,0.44,0.22,154.19600000000003,142.48299999999998,11.713,157.83,157.80909170378206,157.3600925880454,5.996307759087371,6.015937842534081,0.6066664542785364,0.6086524952891499,0.019987692530291236,0.014513041232935711,0.03279645153076649,0.02850620924708386,0.3912131313393343,0.17908376352175148,0.11642546470980529,hellaswag,60M
25,300,0.32237535683462787,0.006427675623163313,0.6060187213702449,0.033279163409784235,0.3564424452141616,-5.833095751149339,0.02,-5.801670116966005,0.02,0.0029289954893059857,0.0030225025948455364,0.11310431154311776,0.1539037816756038,0.33,0.19666666666666666,113.279,98.361,14.918,108.51124999999999,109.30176605930085,111.60186281950419,3.089884126152571,2.867130668436587,0.3125082205075267,0.28997912755755906,0.010299613753841903,0.014379143228452169,0.014893891158327175,0.01441229704845482,0.5022400444919182,0.31763610201361236,0.16715917015933912,hellaswag,90M
25,300,0.3583203877049725,0.008172591512981824,0.6060187213702449,0.033279163409784235,0.4879847709324027,-5.781807431813165,0.02,-5.801670116966005,0.02,0.003083137807830729,0.0030225025948455364,0.0959036259764377,0.12849027949479283,0.29,0.17,88.45349999999999,77.671,10.782499999999999,88.61825,90.21943161119249,92.74108521212312,2.236881512731716,2.092962936825346,0.2261105867277603,0.21156287221807543,0.00745627170910572,0.014460073326518871,0.014497955973161995,0.014460073326518871,0.4294912015917969,0.27004866963998037,0.15258641101983564,hellaswag,150M
25,300,0.4405749186748988,0.015012036089819486,0.6060187213702449,0.033279163409784235,0.8701481179214244,-5.607044171618297,0.02,-5.801670116966005,0.02,0.0036719068594530282,0.0030225025948455364,0.06675049510083918,0.09137246063874235,0.22666666666666666,0.11,41.948,34.3765,7.5715,41.147000000000006,43.4288427915579,47.19859826136096,0.4187278170733032,0.4448874477749064,0.04229081056349325,0.044932889597422754,0.0013957593902443439,0.014241517544101998,0.012817354605307717,0.013826156955842425,0.6376108515304663,0.36972561266329734,0.2203758156782903,hellaswag,300M
25,300,0.5094549558520878,0.020584244101221495,0.6060187213702449,0.033279163409784235,0.9485261307459325,-5.829953355105957,0.02,-5.801670116966005,0.02,0.002938214029709288,0.0030225025948455364,0.03248470635755799,0.048218561751637155,0.10666666666666667,0.043333333333333335,25.77225,22.45775,3.3145,25.59775,26.537176329761845,28.490680197208867,0.13302159404994182,0.15391733108407502,0.013413260322892709,0.015520286347346377,0.00044340531349980604,0.0,0.005788301263793242,0.004942262514188155,0.5670925122952012,0.3020787862914569,0.17265677789478628,hellaswag,530M
25,300,0.48039434375622386,0.018104593749291006,0.6060187213702449,0.033279163409784235,0.9230654853309054,-5.80724345769451,0.02,-5.801670116966005,0.02,0.0030057040136234102,0.0030225025948455364,0.039530520555597685,0.05651458468783073,0.12333333333333334,0.056666666666666664,27.9645,22.95975,5.0047500000000005,26.3995,28.24160527064181,31.157309196263355,0.18027936378098675,0.19591613207424094,0.018178617774304358,0.019755364153184185,0.0006009312126032891,2.0001469070923815e-07,0.005764168966298948,0.004979778176647805,0.5033256450142144,0.3832090686405979,0.206119248325007,hellaswag,750M
25,300,0.22914955629178402,0.0007063263862601108,0.32941193832356147,0.023203924038382298,-0.1287058609431857,-6.1759405482503436,0.02,-6.228549979233511,0.2901369373280068,0.002078849739168805,0.001972309714235133,0.41595907899638584,0.44708585002552353,1.0,0.99,153.91075,109.36675,44.544,163.0435,156.79191199147894,154.31991952321596,4.233700396369308,4.266246345019066,0.5257824824183852,0.529824357863423,0.01411233465456436,0.06819747564468852,0.04465172720291414,0.047303574954839576,1.0,0.9805504163939167,0.3960162350725644,mmlu,4M
25,300,0.23141062425107897,0.0020231758339337258,0.32941193832356147,0.023203924038382298,0.9494647423278211,-6.029198190079174,0.02,-6.228549979233511,0.2901369373280068,0.0024074235010077775,0.001972309714235133,0.26701567276325144,0.32250375410702575,0.6333333333333333,0.44333333333333336,73.45124999999999,20.9045,52.54675,32.663,62.85871820517753,85.70882609591007,0.9857967031599985,0.8224124314321661,0.12244415567076186,0.10215046921647698,0.003285989010533328,0.02178548107267784,0.008296238411978867,0.0022557626878968893,1.0,1.0,0.6147710307859707,mmlu,6M
25,300,0.23320138928581607,0.002843793514861574,0.32941193832356147,0.023203924038382298,0.9445004518728483,-5.975164299020705,0.02,-6.228549979233511,0.2901369373280068,0.0025410845547658716,0.001972309714235133,0.20360550909974506,0.2622134264621254,0.54,0.32,56.842749999999995,23.23025,33.6125,34.46225,54.61812268672334,74.35074338162636,0.5439817947996225,0.6039641247627024,0.06756897548464971,0.07501949059661303,0.001813272649332075,5.595275727012161e-05,0.004538553615766567,0.00045163028473476085,1.0,0.9987069591108805,0.5537017075832632,mmlu,8M
25,300,0.23468331326496308,0.0031553874705524143,0.32941193832356147,0.023203924038382298,0.9527275349214869,-5.947916196238191,0.02,-6.228549979233511,0.2901369373280068,0.002611276240205263,0.001972309714235133,0.18985919238903753,0.2471717449911346,0.49666666666666665,0.32,49.39075,19.186500000000002,30.20425,30.079250000000002,50.098055235630696,69.5726744339721,0.5141654321444072,0.5252999385596566,0.06383487857630263,0.06521725440437051,0.0017138847738146909,7.852443855358129e-05,0.004455900455143675,0.0009146703916004882,1.0,0.9999898766469429,0.5653322873412967,mmlu,10M
25,300,0.2378325241232076,0.0037129402285472485,0.32941193832356147,0.023203924038382298,0.9533103367114985,-6.17252086041297,0.44895871687384736,-6.228549979233511,0.2901369373280068,0.0020859709255149845,0.001972309714235133,0.13629653676560433,0.18687462754273532,0.38666666666666666,0.22666666666666666,42.979,23.982,18.997,32.5425,44.818890750583364,59.042851460930365,0.4168289365052109,0.4367195645365716,0.05173263364833891,0.05420125922315886,0.001389429788350703,0.006804153421842894,0.005625363532912692,0.0032731426378370294,0.9997440610530726,0.8876079015333069,0.4500468821107013,mmlu,14M
25,300,0.23867223988565037,0.004110150855675222,0.32941193832356147,0.023203924038382298,0.9492915255967416,-6.1770719948888235,0.3861794240348055,-6.228549979233511,0.2901369373280068,0.0020764989617598996,0.001972309714235133,0.13086726223270234,0.1774140977825514,0.37,0.20333333333333334,44.535500000000006,24.0205,20.515,31.103749999999998,41.6999364791609,54.99827861079068,0.4074866163443874,0.3813655721716843,0.05061306724101626,0.0473686265352601,0.001358288721147958,0.0023432306797280126,0.0021879563571668916,0.0010067500451539657,0.9973672688080296,0.9262891401241706,0.46862138566204553,mmlu,16M
25,300,0.23948176169880836,0.005338814033024767,0.32941193832356147,0.023203924038382298,0.8979554364506555,-6.04833782920292,0.02,-6.228549979233511,0.2901369373280068,0.0023617844348308085,0.001972309714235133,0.11472236456832645,0.15359235539850313,0.3433333333333333,0.19333333333333333,46.74975,32.3625,14.38725,42.9915,49.076991771928796,57.386756165455886,0.5045112912372983,0.5078716976477086,0.06264623930458284,0.06306350811066036,0.0016817043041243277,0.021617733886033847,0.010207241420431312,0.010075130803300265,0.8148813630019413,0.6289552350547329,0.3412419176905216,mmlu,20M
25,300,0.2509953540621361,0.0070685706301924995,0.32941193832356147,0.023203924038382298,0.9422199244708828,-6.108776141274392,0.02,-6.228549979233511,0.2901369373280068,0.0022232701169688407,0.001972309714235133,0.08344119955134956,0.11527664067563763,0.26666666666666666,0.15,44.314,33.036,11.277999999999999,39.28825,42.21258571302678,47.753228588806685,0.2538465438845421,0.2674077206188935,0.031513756440988056,0.03319730751133047,0.000846155146281807,0.021192047209974453,0.0076190664518449545,0.0073354045393779635,0.8904917181928962,0.6434140452227287,0.30312204383359787,mmlu,60M
25,300,0.25808309572037247,0.008977040237572207,0.32941193832356147,0.023203924038382298,0.9463085791500186,-6.068800084518767,0.02,-6.228549979233511,0.2901369373280068,0.002313948087593335,0.001972309714235133,0.07212640832294019,0.09829740457839421,0.22666666666666666,0.12666666666666668,28.426750000000002,21.090249999999997,7.336500000000001,29.403750000000002,33.027127186288176,38.754683291076,0.14770600748780754,0.18778854609673473,0.018337288253893365,0.023313423462749908,0.0004923533582926918,6.158601499993805e-05,0.0029560371784446604,0.001343797619212381,0.8286209292303904,0.5719964470085394,0.2956553581036207,mmlu,90M
25,300,0.2663050463004486,0.010801827123543873,0.32941193832356147,0.023203924038382298,0.9407343681159523,-6.009705299912236,0.02,-6.228549979233511,0.2901369373280068,0.002454811506993034,0.001972309714235133,0.06665590332868239,0.09045126711406011,0.22,0.11666666666666667,25.14725,19.45375,5.6935,28.029,31.43111387627316,36.587563542221055,0.10101689859941096,0.162205267558237,0.012538233224788312,0.020132943132607956,0.00033672299533136986,6.210186645261118e-05,0.005431380898548341,0.003807875575301407,0.7894103729035978,0.593235840897116,0.2690304745446175,mmlu,150M
25,300,0.28438539195402507,0.016141351163687073,0.32941193832356147,0.023203924038382298,0.9571562218076297,-5.952148181086664,0.02,-6.228549979233511,0.2901369373280068,0.002600248709351587,0.001972309714235133,0.04493303044057894,0.06139095611887363,0.12666666666666668,0.08,26.781,22.370250000000002,4.41075,27.808000000000003,29.30026275753477,31.801988841510948,0.11352062817724762,0.13254924352463116,0.014089536290101881,0.016451260064821838,0.0003784020939241587,7.003375984676931e-05,0.004011111079415728,0.0020293136315036905,0.5403270975691722,0.3654643217206229,0.20178067643512612,mmlu,300M
25,300,0.30124105356780045,0.02005206230075295,0.32941193832356147,0.023203924038382298,0.9825881674991349,-6.192569552332517,0.8498868239740056,-6.228549979233511,0.2901369373280068,0.0020445663774609174,0.001972309714235133,0.034965924018605696,0.05060593995988319,0.12333333333333334,0.05333333333333334,14.76925,11.8325,2.93675,15.643,18.13026098359871,21.598472717780187,0.0458056075147924,0.06390870129194016,0.005689186943205486,0.007937642761967708,0.00015268535838264133,5.3991063085992246e-05,0.0003462710093661323,0.00010087297209431541,0.7206188533608681,0.42129762851871283,0.23107735593329432,mmlu,530M
25,300,0.2924071333979674,0.017700839303547614,0.32941193832356147,0.023203924038382298,0.9800563135548468,-5.863752615900387,0.4577185253112037,-6.228549979233511,0.2901369373280068,0.002840564110997968,0.001972309714235133,0.05725734447875096,0.07575403682492435,0.19666666666666666,0.09333333333333334,19.06825,13.111749999999999,5.9565,19.55025,23.222835353545214,27.666715530105378,0.07243596089548641,0.08789474316451015,0.008990216152797702,0.010908845965109888,0.00024145320298495473,6.06890048100216e-05,0.0004805930889282367,0.00010580370259553312,0.8506417736289382,0.6370930735646954,0.3312010105382514,mmlu,750M
25,300,0.23786666666666664,0.0036975468178152364,0.4827822222222223,0.023682489702916316,0.15463271603153578,-3.8239999286031927,0.02,-4.161808309264112,0.02,0.02184026643875413,0.015579360131251116,0.474830511539497,0.4850774474476796,1.0,1.0,146.732,78.87175,67.86025,133.87725,145.49158944746745,147.3262108721716,3.9827939386769344,3.9240871213524375,0.48521936705846735,0.47806718063285675,0.013275979795589782,0.04358143391157745,0.04176907350776049,0.03640917553499132,1.0,1.0,0.4884187305769977,openbookqa,4M
25,300,0.23632,0.0046277111004847,0.4827822222222223,0.023682489702916316,0.9225691403086409,-3.9808564910686903,0.18775962678472846,-4.161808309264112,0.02,0.018669642106248115,0.015579360131251116,0.4452502458629567,0.4666974154754605,1.0,0.9533333333333334,111.036,19.76325,91.27275,35.499249999999996,113.45731542874753,128.03662765252915,2.5251522728926554,2.625601970236385,0.3079558617110377,0.3202062409995172,0.008417174242975518,0.040706552100319655,0.02934600987854349,0.0037112142737219848,1.0,1.0,0.5722048143392906,openbookqa,6M
25,300,0.23797333333333334,0.004837391946132874,0.4827822222222223,0.023682489702916316,1.0,-3.941543257523833,0.02,-4.161808309264112,0.02,0.019418224289105314,0.015579360131251116,0.4482688264890667,0.4685302094181033,1.0,1.0,95.96799999999999,58.303250000000006,37.66475,130.40075000000002,142.3689023078765,145.35347617079543,2.034435190367039,3.7728501063776543,0.2484581132348473,0.46076435532918913,0.006781450634556796,0.007922878513484801,0.040041816250566825,0.0325631184926731,1.0,1.0,0.45880702054521016,openbookqa,8M
25,300,0.23754666666666668,0.0024186552083841537,0.4827822222222223,0.023682489702916316,1.0,-3.9966043355689007,0.22949182156190284,-4.161808309264112,0.02,0.018377938366439583,0.015579360131251116,0.4820056932668475,0.4894123818937884,1.0,1.0,123.92999999999998,70.50099999999999,53.429,143.278,148.40980035891582,149.0630559886222,3.0286787488970885,4.030602405648034,0.37014039845784713,0.49258733069494437,0.010095595829656962,0.028225545057934672,0.0432298778423946,0.040443859452355124,1.0,1.0,0.4848157853894623,openbookqa,10M
25,300,0.24909333333333336,0.006955732492499346,0.4827822222222223,0.023682489702916316,1.0,-4.037733601866324,0.02,-4.161808309264112,0.02,0.017637400523667256,0.015579360131251116,0.394743724180982,0.432301871508166,1.0,0.9533333333333334,92.358,60.32225,32.03575,119.68950000000001,133.3483018632583,139.24797070709224,1.7998769253540994,3.436257039204869,0.21974795380809448,0.41953449287949185,0.005999589751180331,0.028428263022405816,0.03656179405208777,0.029922743340905934,1.0,0.9774951817925897,0.4189882674124936,openbookqa,14M
25,300,0.25050666666666666,0.011700348823256117,0.4827822222222223,0.023682489702916316,0.5849549864231155,-4.044280806964964,0.02,-4.161808309264112,0.02,0.01752230204286179,0.015579360131251116,0.2992533586003624,0.3575848969185957,0.9133333333333333,0.58,103.11375,62.0865,41.02725,86.35825,103.30793173895012,116.44326943544894,2.360621573805754,2.2831187556879495,0.2872236683221278,0.2777936758268842,0.007868738579352514,0.00544271400840165,0.024065184037672674,0.017809211122736212,0.9983101186796136,0.8603726467129748,0.42103193283620244,openbookqa,16M
25,300,0.25472,0.010660448880215077,0.4827822222222223,0.023682489702916316,0.873408504113898,-4.1246470662365535,0.02,-4.161808309264112,0.02,0.016169200237940322,0.015579360131251116,0.2979911350701488,0.35708316808742147,0.8333333333333334,0.55,78.99525,30.0535,48.94175,46.80825,79.15638078109916,100.50175741274829,1.3438285742755567,1.3859797852369413,0.16371917158753208,0.1688544704434367,0.004479428580918522,0.0371397693660425,0.018274872636844477,0.008895608354847113,0.9999841762637627,0.9852459483323365,0.5229941045218423,openbookqa,20M
25,300,0.30304000000000003,0.017986040753404275,0.4827822222222223,0.023682489702916316,0.7183829944378488,-3.9307704982878877,0.02,-4.161808309264112,0.02,0.019628542966404136,0.015579360131251116,0.23508225518060788,0.29762869249485246,0.71,0.43333333333333335,84.89125,51.672,33.219249999999995,69.17325000000001,83.31540443221922,98.26707875979534,1.516080728151651,1.5479264435264148,0.18463416288722082,0.18851245702458685,0.00505360242717217,0.024103752581478823,0.020531022560445884,0.019249640310471494,0.97283583408184,0.8573174502672537,0.40467031805358256,openbookqa,60M
25,300,0.32448,0.023513253521406263,0.4827822222222223,0.023682489702916316,0.7949514623318421,-4.025748513254762,0.02,-4.161808309264112,0.02,0.017850058146500525,0.015579360131251116,0.17254502592374696,0.23064653585782452,0.5433333333333333,0.30666666666666664,60.72924999999999,39.98625,20.743000000000002,55.42675,66.48048243476143,80.15071684898919,0.8155029906452295,1.0123092793389532,0.0991667516416177,0.12309877957563835,0.0027183433021507647,0.019802025104245773,0.015295680902830755,0.014039157772706411,0.8705113269141312,0.752067578637971,0.350491757154384,openbookqa,90M
25,300,0.3479466666666666,0.026963509901119672,0.4827822222222223,0.023682489702916316,0.8415020294054756,-3.8873951866228746,0.02,-4.161808309264112,0.02,0.020498671770436423,0.015579360131251116,0.16804823902088428,0.22602765944922273,0.5133333333333333,0.2833333333333333,51.23350000000001,31.973,19.2605,47.539249999999996,60.13626498153161,74.97899894661217,0.6167596737868042,0.8446347328390045,0.07483698690189851,0.10248711309262894,0.0020558655792893474,0.018169143869730852,0.017389352661760282,0.016910380893120254,0.9066772717069886,0.7237842427318064,0.3628525946726731,openbookqa,150M
25,300,0.39496000000000003,0.030179521973958144,0.4827822222222223,0.023682489702916316,0.9689826203848962,-3.9124319014679556,0.02,-4.161808309264112,0.02,0.01999182375093566,0.015579360131251116,0.15288654514741898,0.20477434024671537,0.44,0.23666666666666666,40.06225,14.29575,25.7665,21.948999999999998,38.847745086078305,56.7505928832746,0.3693017556063354,0.35737181581283356,0.044859837334593665,0.043410683220313016,0.001231005852021118,0.00175392677071041,0.0054700252171995395,0.0017862062847823538,0.9885615510861222,0.8682862295552546,0.47110835796526235,openbookqa,300M
25,300,0.43352,0.033139794524553644,0.4827822222222223,0.023682489702916316,0.9253315838471123,-4.04420733371405,0.13808675699403938,-4.161808309264112,0.02,0.017523589510653012,0.015579360131251116,0.12647424399130833,0.1723972972493155,0.38333333333333336,0.21666666666666667,42.0955,25.169749999999997,16.92575,35.00149999999999,44.02827400406227,56.184839506284575,0.43799469112786177,0.4569474004996398,0.05333837600618985,0.05564641023419565,0.0014599823037595393,0.011169952634077076,0.008087064360520322,0.007445600431022513,0.9146939696642157,0.7475502132056872,0.3625988021711528,openbookqa,530M
25,300,0.42090666666666665,0.028121623641734338,0.4827822222222223,0.023682489702916316,0.8567706532272248,-4.090443194340083,0.42375201916031846,-4.161808309264112,0.02,0.016731816468737663,0.015579360131251116,0.14543358646986698,0.1958637863578775,0.44333333333333336,0.21333333333333335,54.59824999999999,36.0015,18.59675,48.011,57.83964017713647,69.85210113793454,0.7067238754742864,0.7922153336271915,0.08520025798120277,0.09550682118444599,0.0023557462515809546,0.031057785496657043,0.015930538235948883,0.015464031773801193,0.8717175001030254,0.5785716575164956,0.3351141974313812,openbookqa,750M
25,300,0.5342256075444323,0.006079856056456179,0.7446838350864466,0.015193867039458311,0.7869381144751777,-5.402042104621665,0.02,-5.535078169153948,0.3453935752744898,0.004507367022891642,0.003945900176253426,0.1805348195103825,0.23749987251939728,0.59,0.29333333333333333,83.06775,59.867000000000004,23.20075,74.9835,82.6482248143962,92.56456685675343,0.515483079681926,0.5506462838881263,0.11591159822004608,0.12381840129221186,0.0017182769322730866,0.0002548396089520819,0.004519454248062658,0.001726452534550529,0.8808051259363592,0.6240267733265918,0.32098756426029673,piqa,4M
25,300,0.5415959376133479,0.003923079121461525,0.7446838350864466,0.015193867039458311,0.969825814484574,-5.115368793789442,0.02,-5.535078169153948,0.3453935752744898,0.006003763275481447,0.003945900176253426,0.3363351878011782,0.3810343001025456,0.8233333333333334,0.6666666666666666,78.12474999999999,19.12725,58.9975,35.32,85.64101626305501,105.00067652561023,0.5130078263194264,0.6091506304134967,0.11525866705170355,0.13685929549824852,0.0017100260877314214,0.0003099021973151125,0.007577879052560668,0.0013202598246809894,1.0,0.9999167997337592,0.5719879923710947,piqa,6M
25,300,0.5519550235763511,0.00555539996774256,0.7446838350864466,0.015193867039458311,0.7917093931680137,-5.1238585088710735,0.48515494567113104,-5.535078169153948,0.3453935752744898,0.005953008786276175,0.003945900176253426,0.2507025608024736,0.3109021040173063,0.7933333333333333,0.48,71.826,44.04525,27.780749999999998,67.19425000000001,86.25860200437397,101.03820217025027,0.4741413025925664,0.690317883896691,0.10620241721790119,0.1546235848210294,0.0015804710086418882,0.0003504783058452522,0.0068074876544860635,0.0026475307311633633,0.9996937042296663,0.8907115807646256,0.4104415617718013,piqa,8M
25,300,0.5537540805223068,0.00428834926456202,0.7446838350864466,0.015193867039458311,0.7326517948817152,-5.297824663925977,0.324132045283453,-5.535078169153948,0.3453935752744898,0.005002464120099669,0.003945900176253426,0.2524401977773738,0.3128078853772854,0.7966666666666666,0.5,91.73425,62.37799999999999,29.356250000000003,85.10875,98.84105995865221,110.37903371690828,0.7025891271962945,0.8559908214405398,0.15796345890310287,0.1924528372416423,0.002341963757320982,0.000421877518791232,0.007558378937026942,0.004075383923534692,0.964446212837626,0.762329773230827,0.3655337307387145,piqa,10M
25,300,0.5644541167936162,0.006514833978342648,0.7446838350864466,0.015193867039458311,0.880806296921879,-5.3174115994236635,0.6787443581793605,-5.535078169153948,0.3453935752744898,0.004905434536231074,0.003945900176253426,0.20148156962414687,0.25632298206180704,0.6233333333333333,0.36333333333333334,50.16675,29.36825,20.7985,48.90525,66.93577591097497,81.77466105423059,0.2505886038208751,0.4305160794677495,0.05566878464489734,0.09564005125782643,0.0008352953460695837,0.005050596263359598,0.004393478381614884,0.0018227830851877073,0.9767026965071486,0.8341281825113247,0.40979795683017595,piqa,14M
25,300,0.5684657236126224,0.005937673917508793,0.7446838350864466,0.015193867039458311,0.7893246180473672,-5.025014376084018,0.02,-5.535078169153948,0.3453935752744898,0.006571492021929111,0.003945900176253426,0.24535218605464648,0.30709931969742676,0.7533333333333333,0.45666666666666667,67.6895,37.97175,29.71775,60.04075,78.21483969047532,95.06071395197743,0.5633514896037519,0.5820836432883397,0.12565120861328635,0.12982927114411205,0.0018778382986791731,0.00033205435042745607,0.005375634626251597,0.0018797893336878278,0.9975439322199159,0.9134873207809189,0.45227774596639636,piqa,16M
25,300,0.5705331882480957,0.0054109897819562824,0.7446838350864466,0.015193867039458311,0.7248976719416604,-5.297683173909757,0.02,-5.535078169153948,0.3453935752744898,0.005003171968904749,0.003945900176253426,0.2307097027189273,0.2859527857247452,0.6733333333333333,0.49333333333333335,89.34774999999999,59.18725,30.1605,80.76,89.12781580819387,99.65964752995939,0.638950259131772,0.6736146995361411,0.1432747670413299,0.15104773458077933,0.0021298341971059064,0.00033061757304680284,0.002702606067585631,0.0009730936736478907,0.9968689754358673,0.856442943442896,0.3810372249144744,piqa,20M
25,300,0.6070076169749729,0.006988099932916719,0.7446838350864466,0.015193867039458311,0.8219372841467507,-5.555640625074166,0.02,-5.535078169153948,0.3453935752744898,0.0038655912814956482,0.003945900176253426,0.14740568115494815,0.19677690527902067,0.45666666666666667,0.25333333333333335,82.649,62.804,19.845,74.4605,78.74184047719758,85.59888524429567,0.52432328198391,0.4949616911942646,0.11767899409817367,0.11108908556660155,0.0017477442732797,0.00027409710633749675,0.003947898209245212,0.0016767723770824668,0.7825805514888261,0.5530798920737093,0.2846685438516391,piqa,60M
25,300,0.6302865433442147,0.0072994785206577095,0.7446838350864466,0.015193867039458311,0.9961405824571132,-5.11460956323907,0.02,-5.535078169153948,0.3453935752744898,0.006008323246793117,0.003945900176253426,0.26349985379796204,0.310010273157936,0.6733333333333333,0.4766666666666667,61.2285,7.597250000000001,53.63125,13.94325,60.46511739063038,81.52322648000123,0.2876220726119987,0.29548302560322315,0.0643358521982914,0.06609420511324093,0.0009587402420399956,9.937044944960171e-05,0.004544813393995457,6.237062899950077e-05,0.9999714185387525,0.9965171447936828,0.593454996282607,piqa,90M
25,300,0.6508668842945231,0.009962014175389493,0.7446838350864466,0.015193867039458311,0.966874063720312,-5.530371905483655,0.7562215582214746,-5.535078169153948,0.3453935752744898,0.003964514390242009,0.003945900176253426,0.1533487957642249,0.1984904364958807,0.4766666666666667,0.2733333333333333,47.693250000000006,26.989749999999997,20.7035,37.48425,51.242234314944625,63.70065290075538,0.20351076180647132,0.22877108149084857,0.04496739144311942,0.050548868673821856,0.0006783692060215711,0.00015600135292685098,0.004036713212570581,0.0007071597396922014,0.9598947440151382,0.8660502272334134,0.39954514642098893,piqa,150M
25,300,0.6841566920565834,0.009098349126824359,0.7446838350864466,0.015193867039458311,0.9977341815260082,-5.116640286851333,0.02,-5.535078169153948,0.3453935752744898,0.005996134383201039,0.003945900176253426,0.24205674687011206,0.28796679954290366,0.6233333333333333,0.41,56.38200000000001,5.7322500000000005,50.64975,10.524,52.334947446003355,73.56676038380759,0.25931444613177346,0.22415494750255566,0.05853239119922546,0.05059619806061324,0.0008643814871059115,0.00024914718014983924,0.00342292877056716,8.243345027969454e-05,0.9998536767053313,0.9892962292930366,0.6070272569210634,piqa,300M
25,300,0.7103735944867609,0.009521382084851072,0.7446838350864466,0.015193867039458311,1.0,-5.2364038661901215,0.02,-5.535078169153948,0.3453935752744898,0.005319351581731456,0.003945900176253426,0.19327050453267777,0.23895000531591157,0.6133333333333333,0.37333333333333335,60.58500000000001,43.090500000000006,17.494500000000002,70.40549999999999,77.28881240039362,85.88619962045124,0.28941691275166453,0.4641247551699849,0.06507270981115026,0.1043541485609807,0.0009647230425055485,0.005395754565728191,0.004666973703311122,0.003529373246041936,0.9710448130725426,0.7564124783362218,0.3411799576474855,piqa,530M
25,300,0.6964381574174828,0.010510481645052364,0.7446838350864466,0.015193867039458311,0.9895746050371927,-5.055461264629541,0.02,-5.535078169153948,0.3453935752744898,0.006374425786951173,0.003945900176253426,0.21329251866348875,0.26229108036400073,0.5833333333333334,0.37,51.12475,13.439749999999998,37.685,22.570999999999998,51.45370086602752,70.6460340161161,0.20905693820482954,0.21337820833237248,0.04687779099202085,0.04784676910677993,0.0006968564606827651,0.0001897587623571566,0.0033164202421445636,0.0004575474270606309,0.9998141800204403,0.9811637220719905,0.5495540554550851,piqa,750M
25,300,0.3840191061071307,0.0,0.507371773001251,0.013552938824160414,0.0,-5.0987525127141335,0.02,-4.431486775482045,0.02,0.00610435692526783,0.01189678866363694,0.5,0.5,1.0,1.0,160.597,160.597,0.0,300.0,150.0,150.0,2.6850113251628107,2.294260337036384,0.5851583802017821,0.5,0.008950037750542702,0.05404858039280627,0.02205636799865822,0.021689845709374423,1.0,1.0,0.5,socialiqa,4M
25,300,0.3842920504947117,0.0029634686190253006,0.507371773001251,0.013552938824160414,0.600011238792133,-5.171135898498655,0.02,-4.431486775482045,0.02,0.005678115391945406,0.01189678866363694,0.3494487012133161,0.39836158842179,0.9766666666666667,0.7533333333333333,115.2635,62.29125,52.97225,88.138,110.06711086799267,122.90261610280714,1.419451470000299,1.3631592689958931,0.3092314229421373,0.2969680114870535,0.0047315049000009966,0.009283676466655745,0.012640406422220366,0.009255186448820443,0.9999501143033137,0.9540878075019412,0.45401237799726657,socialiqa,6M
25,300,0.3863459570112589,0.00489235368304273,0.507371773001251,0.013552938824160414,0.8556360504895781,-5.144851093260638,0.4513687387244707,-4.431486775482045,0.02,0.005829342327741766,0.01189678866363694,0.2510703412551483,0.31308103623711026,0.7666666666666667,0.4533333333333333,66.3315,33.3665,32.965,50.75475,76.42271094921216,94.88561187423886,0.54630069854985,0.7206649324434093,0.11774795540200812,0.1553298806873017,0.0018210023284995,0.014920883063830154,0.008969513303195282,0.005170687741520219,0.9925789406239869,0.8617662799725619,0.41926737767316735,socialiqa,8M
25,300,0.3872330262708973,0.001763093999844911,0.507371773001251,0.013552938824160414,0.9028722357339415,-5.0989248744735205,0.02,-4.431486775482045,0.02,0.006103304858238932,0.01189678866363694,0.42782837282971664,0.45551336539327814,1.0,0.9233333333333333,103.76975,23.3555,80.41425,42.3615,110.12155665435368,125.71475540113319,1.2251576508632005,1.3669286322118643,0.2664903536341956,0.29732769030515677,0.0040838588362106685,0.017784325444440134,0.012753709525807207,0.003519162327952263,1.0,0.9999879541003038,0.5500729202655371,socialiqa,10M
25,300,0.39307403616513126,0.0030615605312375315,0.507371773001251,0.013552938824160414,0.7784429034439757,-5.303720644839972,0.5326408894801458,-4.431486775482045,0.02,0.004973056465799328,0.01189678866363694,0.32265020871375705,0.37301946258218077,0.9233333333333333,0.62,103.55025,50.73275,52.8175,70.97225,97.93360383704011,113.15185686230268,1.1269998143574058,1.0817489600415517,0.24708926385781124,0.23716823269223233,0.0037566660478580193,0.01642917073615614,0.012190498004317483,0.0071817167702469455,0.9982327420745,0.921301493719233,0.4533547037295421,socialiqa,14M
25,300,0.393367451381781,0.003432621417875693,0.507371773001251,0.013552938824160414,1.0,-5.027394728968742,0.02,-4.431486775482045,0.02,0.006555868154473924,0.01189678866363694,0.34605894754101973,0.3961907566500155,0.9966666666666667,0.8133333333333334,93.93400000000001,65.68875,28.24525,114.31899999999999,126.76013206569607,134.1904090537456,0.9839525040577234,1.7209906363819734,0.21443276174687154,0.375055476334499,0.0032798416801924114,0.0216371552122812,0.01704649622658738,0.016076861290054735,1.0,0.9086220111993527,0.37776461187800353,socialiqa,16M
25,300,0.3935448652337087,0.002584788612950435,0.507371773001251,0.013552938824160414,0.8462247960305763,-5.07968008254745,0.3565323547090808,-4.431486775482045,0.02,0.006221899191719052,0.01189678866363694,0.3827798977781525,0.42222138615252014,0.98,0.7966666666666666,106.12075000000002,36.810500000000005,69.31025,56.25825,102.34689552441115,119.04792306672081,1.2098513980803924,1.1872660073250785,0.26267637068037475,0.257772753191965,0.004032837993601308,0.01666017847577838,0.014207199409379177,0.005368687176899645,1.0,0.9968809116030558,0.5160646744075855,socialiqa,20M
25,300,0.41049471170249063,0.0038323720811740225,0.507371773001251,0.013552938824160414,1.0,-5.10158214607615,0.21302745899737618,-4.431486775482045,0.02,0.006087108248483004,0.01189678866363694,0.3070842712557332,0.3633913702924563,0.9633333333333334,0.6633333333333333,88.107,61.650499999999994,26.4565,102.22550000000001,114.99327149658023,124.68143330975525,0.8795152078685496,1.4682407516712637,0.19185138348522607,0.3202719145472923,0.002931717359561832,0.004562616516120949,0.01388326953952968,0.011112365990039345,0.9973157637872132,0.8679872200846699,0.36984809746933084,socialiqa,60M
25,300,0.42043671102012964,0.003939956678911596,0.507371773001251,0.013552938824160414,0.7779974181919458,-5.0364552954780155,0.02,-4.431486775482045,0.02,0.006496736562423434,0.01189678866363694,0.32363252462659275,0.37680433988001755,0.9166666666666666,0.6166666666666667,97.79175000000001,46.153000000000006,51.63875,67.4235,94.03980333102103,111.06782725727939,1.033298280022722,1.0024847320623402,0.22603533500448958,0.21929483154042823,0.00344432760007574,0.011934189116370484,0.010098747195360188,0.00595058168847936,0.9999565403012012,0.9581457536039593,0.4734636875034287,socialiqa,90M
25,300,0.43115660184237453,0.004702375602508488,0.507371773001251,0.013552938824160414,0.8370019947960473,-5.055391655291235,0.02,-4.431486775482045,0.02,0.006374869521956154,0.01189678866363694,0.2829575426789369,0.3421623188798663,0.8233333333333334,0.53,81.39224999999999,36.289500000000004,45.10275,53.54025,79.72338767464879,99.25568262130128,0.7934447315019474,0.7714935057939549,0.17214889496897953,0.167386270555692,0.002644815771673158,0.007434011489915198,0.0075852352731734275,0.0038230366705287815,0.9952083890050959,0.9416836369556072,0.474351512342455,socialiqa,150M
25,300,0.45669054930058,0.009155033732565307,0.507371773001251,0.013552938824160414,1.0,-4.931076006993402,0.5657119704697248,-4.431486775482045,0.02,0.007218731695198216,0.01189678866363694,0.2008498077993425,0.25527760996191534,0.6366666666666667,0.37,80.10775,59.4435,20.66425,82.42675,90.46511505984202,99.67536595692867,0.7212890967755787,0.936652721898301,0.15715755772472034,0.20408190678022822,0.0024042969892519293,0.01679768326192486,0.015138637982803516,0.014599482426894995,0.8993730319475957,0.6672918662676208,0.3108239173567221,socialiqa,300M
25,300,0.4768884339815762,0.009938446026828172,0.507371773001251,0.013552938824160414,1.0,-4.741728163032346,0.2514124384246333,-4.431486775482045,0.02,0.008723557421859821,0.01189678866363694,0.20615859916728033,0.2638559732549247,0.6466666666666666,0.3933333333333333,71.73875,55.5615,16.17725,84.31575000000001,92.5171224753019,102.31516322999424,0.6029408298149705,0.9802773207133403,0.1315865796230714,0.21393697911339277,0.0020098027660499017,0.014809014430968272,0.013158419238291919,0.012406831806943262,0.8711958320991097,0.5970483176804725,0.28609225700751295,socialiqa,530M
25,300,0.46908222449675874,0.00804684591810983,0.507371773001251,0.013552938824160414,1.0,-4.719939086415445,0.02,-4.431486775482045,0.02,0.00891572162046195,0.01189678866363694,0.24873795383328512,0.30890388952708503,0.82,0.4866666666666667,73.77350000000001,54.30875,19.46475,89.20475,99.86312410749554,110.81429184578589,0.6645713607782212,1.13788143656584,0.14494498396633937,0.2481753146652236,0.0022152378692607373,0.008367230939229729,0.013597768372951706,0.012741490799286574,0.9575999512019897,0.7403335886192196,0.3295891499556114,socialiqa,750M
25,300,0.50123651670613,0.0,0.5972252915899324,0.015952486062493866,0.0,-4.640260791732529,0.02,-4.906828982649141,0.42666964478268987,0.009655179308233949,0.007395903725475454,0.5,0.5,1.0,1.0,177.52,177.52,0.0,300.0,150.0,150.0,3.4587278010618476,2.6735769762352612,0.6468352757009785,0.5,0.011529092670206159,0.03369711458127597,0.030026421406132982,0.030193869904635247,1.0,1.0,0.5,winogrande,4M
25,300,0.5002788739805314,0.0,0.5972252915899324,0.015952486062493866,0.0,-4.730905186497491,0.51486862117976,-4.906828982649141,0.42666964478268987,0.00881848505227036,0.007395903725475454,0.5,0.5,1.0,1.0,170.78449999999998,170.78449999999998,0.0,300.0,150.0,150.0,3.301533785693151,2.668483486388845,0.6186161170817266,0.5,0.01100511261897717,0.07296568043945652,0.03152321845912291,0.030209443252652967,1.0,1.0,0.5,winogrande,6M
25,300,0.5043935806366746,0.0,0.5972252915899324,0.015952486062493866,0.0,-4.460628318317807,0.02,-4.906828982649141,0.42666964478268987,0.011555100724657437,0.007395903725475454,0.5,0.5,1.0,1.0,134.1935,134.1935,0.0,300.0,150.0,150.0,1.9466887967686892,2.6703259240320203,0.36450396920637207,0.5,0.00648896265589563,0.011740101808538132,0.030264792787928884,0.0302965710798267,1.0,1.0,0.5,winogrande,8M
25,300,0.5065824782951855,0.0014783007445676169,0.5972252915899324,0.015952486062493866,0.8995438017271696,-4.607353900562624,0.33317437053545496,-4.906828982649141,0.42666964478268987,0.009978186679955387,0.007395903725475454,0.4772033909155939,0.48635954652936564,1.0,0.9866666666666667,131.828,25.75425,106.07374999999999,45.69175,128.85325158846592,137.53232744245418,2.0301496042970246,2.0525563804818288,0.37914176090707924,0.3833263513239511,0.006767165347656748,0.02292816820514692,0.02684135437612722,0.0035474076244019436,1.0,1.0,0.5468770459832448,winogrande,10M
25,300,0.5109918442515127,0.002796838415006877,0.5972252915899324,0.015952486062493866,-0.3203985099252984,-4.580523597309389,0.22177632614983803,-4.906828982649141,0.42666964478268987,0.010249528265761003,0.007395903725475454,0.43527033691715616,0.4600294157307066,1.0,1.0,167.02300000000002,122.70299999999999,44.32,182.46950000000004,163.40811510842633,158.26087734379138,3.0745523383511077,3.049594640808201,0.5741621292287459,0.5695013646084346,0.010248507794503692,0.027163083398227934,0.03447237130194723,0.03799951116705508,1.0,1.0,0.40482479839118063,winogrande,14M
25,300,0.5082872928176796,0.00591498002610531,0.5972252915899324,0.015952486062493866,-0.44899655945429473,-4.627550903296944,0.02,-4.906828982649141,0.42666964478268987,0.009778678729483563,0.007395903725475454,0.31794685159193287,0.37356216671340065,0.9433333333333334,0.6866666666666666,197.22424999999998,165.01675,32.207499999999996,202.19774999999998,186.7436142254357,175.9039058574573,3.807535749325641,3.592418961505747,0.7115279486081164,0.6713282980136956,0.01269178583108547,0.03791087180077187,0.039345305196152036,0.04004327021657761,0.9156924161202288,0.5710415935160105,0.272105911902735,winogrande,16M
25,300,0.5104235727440147,0.0,0.5972252915899324,0.015952486062493866,0.0,-4.523593287809746,0.02,-4.906828982649141,0.42666964478268987,0.01084996648641902,0.007395903725475454,0.5,0.5,1.0,1.0,162.42075,162.42075,0.0,300.0,150.0,150.0,2.7779610954009115,2.6731754712782374,0.5195994661122205,0.5,0.009259870318003039,0.030364993861929812,0.029677020623008966,0.030364993861929812,1.0,1.0,0.5,winogrande,20M
25,300,0.5106761378584583,0.001437064430434157,0.5972252915899324,0.015952486062493866,0.3529457576978298,-4.5474213655191384,0.14384315098143463,-4.906828982649141,0.42666964478268987,0.010594488504211453,0.007395903725475454,0.4816850547354866,0.48921473716345026,1.0,1.0,154.4915,72.55875,81.93275,117.75075,142.64217784053355,145.673506118772,2.429984159868521,2.4454652180158,0.45414617849686917,0.45703947447500226,0.008099947199561737,0.042615167140397814,0.027615428270554347,0.02144471572515039,1.0,1.0,0.5036547335945077,winogrande,60M
25,300,0.5084977637463826,0.0,0.5972252915899324,0.015952486062493866,0.0,-4.570702683406062,0.2779235827546878,-4.906828982649141,0.42666964478268987,0.010350683907794261,0.007395903725475454,0.5,0.5,1.0,1.0,159.019,159.019,0.0,300.0,150.0,150.0,3.0213473539007625,2.6701787519850217,0.5657575081171402,0.5,0.010071157846335875,0.030363376137649688,0.02975196738380325,0.030363376137649688,1.0,1.0,0.5,winogrande,90M
25,300,0.5113075506445672,0.002975529511551168,0.5972252915899324,0.015952486062493866,-0.23203153284889566,-4.646633802685781,0.1377540626827427,-4.906828982649141,0.42666964478268987,0.009593842402733354,0.007395903725475454,0.42355897338601517,0.45224601181265645,1.0,0.9966666666666667,160.64025,116.12074999999999,44.5195,171.99825,160.42300320574685,156.5345786682455,3.004794764594201,2.974735501150966,0.5623711507856741,0.5567453214366853,0.010015982548647336,0.023964139296274684,0.033733364611412985,0.03798037885821173,1.0,0.9937749100863575,0.3985664929909535,winogrande,150M
25,300,0.5301131281241779,0.004236419212067573,0.5972252915899324,0.015952486062493866,1.0,-4.564850815077274,0.02,-4.906828982649141,0.42666964478268987,0.010411432319631753,0.007395903725475454,0.39249925891244053,0.4304517959565367,1.0,0.94,88.99600000000001,56.79425,32.20175,116.11025,130.6870375849842,137.40782079245196,1.0253808534010898,2.1269602158725602,0.19192895817043917,0.39812061727927617,0.0034179361780036326,0.011496035603378236,0.02294823508848423,0.017754479432322272,1.0,0.9886146568385096,0.42688986480822466,winogrande,300M
25,300,0.5542962378321494,0.010855262904580014,0.5972252915899324,0.015952486062493866,0.8806889246564877,-4.5765661789661625,0.02,-4.906828982649141,0.42666964478268987,0.010290170302658733,0.007395903725475454,0.21204568642914623,0.2738795227460562,0.6433333333333333,0.37666666666666665,59.6095,29.804999999999996,29.804499999999997,44.4935,63.425411837780246,82.00890679167546,0.5554155943893151,0.5847921572608095,0.1025368873988758,0.1079601800643119,0.0018513853146310503,0.001685045076281387,0.006211960893917667,0.0024759305260933927,0.9938055175768963,0.9190229745258726,0.460850106015518,winogrande,530M
25,300,0.5424256774533017,0.0035565288564301844,0.5972252915899324,0.015952486062493866,1.0,-4.290639896183647,0.02,-4.906828982649141,0.42666964478268987,0.01369615837322979,0.007395903725475454,0.44525924178617543,0.4665695303419945,1.0,1.0,97.39175,58.42099999999999,38.97075,128.2475,141.15963822659563,144.59091719304973,1.1769682338410568,2.416004981870243,0.22056365393314045,0.4527589372424256,0.003923227446136856,0.011628917514581666,0.026814665601517493,0.021339752706354034,1.0,1.0,0.460971738102311,winogrande,750M
