task,size,n_pairs,errors,err_any_unstable,share_err_any_unstable,share_pairs_unstable,acc
olmes_10_macro_avg,4M,300,207,131,0.6328502415458938,0.7133333333333334,0.31
olmes_10_macro_avg,6M,300,166,106,0.6385542168674698,0.66,0.44666666666666666
olmes_10_macro_avg,8M,300,128,102,0.796875,0.75,0.5733333333333334
olmes_10_macro_avg,10M,300,126,113,0.8968253968253969,0.7733333333333333,0.58
olmes_10_macro_avg,14M,300,122,106,0.8688524590163934,0.7533333333333333,0.5933333333333334
olmes_10_macro_avg,16M,300,86,60,0.6976744186046512,0.6133333333333333,0.7133333333333334
olmes_10_macro_avg,20M,300,79,58,0.7341772151898734,0.6466666666666666,0.7366666666666667
olmes_10_macro_avg,60M,300,71,56,0.7887323943661971,0.5033333333333333,0.7633333333333333
olmes_10_macro_avg,90M,300,60,35,0.5833333333333334,0.31,0.8
olmes_10_macro_avg,150M,300,52,28,0.5384615384615384,0.25666666666666665,0.8266666666666667
olmes_10_macro_avg,300M,300,43,26,0.6046511627906976,0.29333333333333333,0.8566666666666667
olmes_10_macro_avg,530M,300,36,23,0.6388888888888888,0.24666666666666667,0.88
olmes_10_macro_avg,750M,300,43,25,0.5813953488372093,0.30666666666666664,0.8566666666666667
arc_challenge,4M,300,117,86,0.7350427350427351,0.7733333333333333,0.61
arc_challenge,6M,300,126,102,0.8095238095238095,0.75,0.58
arc_challenge,8M,300,137,112,0.8175182481751825,0.7233333333333334,0.5433333333333333
arc_challenge,10M,300,145,120,0.8275862068965517,0.7933333333333333,0.5166666666666667
arc_challenge,14M,300,99,83,0.8383838383838383,0.73,0.67
arc_challenge,16M,300,59,58,0.9830508474576272,0.7766666666666666,0.8033333333333333
arc_challenge,20M,300,61,59,0.9672131147540983,0.64,0.7966666666666666
arc_challenge,60M,300,53,49,0.9245283018867925,0.4766666666666667,0.8233333333333334
arc_challenge,90M,300,31,29,0.9354838709677419,0.3466666666666667,0.8966666666666666
arc_challenge,150M,300,46,35,0.7608695652173914,0.2966666666666667,0.8466666666666667
arc_challenge,300M,300,22,21,0.9545454545454546,0.26666666666666666,0.9266666666666666
arc_challenge,530M,300,19,15,0.7894736842105263,0.2,0.9366666666666666
arc_challenge,750M,300,18,16,0.8888888888888888,0.21333333333333335,0.94
arc_easy,4M,300,28,25,0.8928571428571429,0.2633333333333333,0.9066666666666666
arc_easy,6M,300,24,19,0.7916666666666666,0.27666666666666667,0.92
arc_easy,8M,300,37,31,0.8378378378378378,0.29,0.8766666666666667
arc_easy,10M,300,27,22,0.8148148148148148,0.23666666666666666,0.91
arc_easy,14M,300,32,23,0.71875,0.23,0.8933333333333333
arc_easy,16M,300,33,28,0.8484848484848485,0.23666666666666666,0.89
arc_easy,20M,300,32,22,0.6875,0.2,0.8933333333333333
arc_easy,60M,300,21,18,0.8571428571428571,0.19333333333333333,0.93
arc_easy,90M,300,18,16,0.8888888888888888,0.18,0.94
arc_easy,150M,300,15,12,0.8,0.12666666666666668,0.95
arc_easy,300M,300,14,12,0.8571428571428571,0.10666666666666667,0.9533333333333334
arc_easy,530M,300,9,9,1.0,0.13,0.97
arc_easy,750M,300,10,9,0.9,0.13333333333333333,0.9666666666666667
boolq,4M,300,173,147,0.8497109826589595,0.8433333333333334,0.42333333333333334
boolq,6M,300,200,156,0.78,0.8266666666666667,0.3333333333333333
boolq,8M,300,185,157,0.8486486486486486,0.87,0.38333333333333336
boolq,10M,300,166,145,0.8734939759036144,0.8833333333333333,0.44666666666666666
boolq,14M,300,137,115,0.8394160583941606,0.8566666666666667,0.5433333333333333
boolq,16M,300,146,127,0.8698630136986302,0.8633333333333333,0.5133333333333333
boolq,20M,300,149,138,0.9261744966442953,0.8833333333333333,0.5033333333333333
boolq,60M,300,146,137,0.9383561643835616,0.8733333333333333,0.5133333333333333
boolq,90M,300,120,110,0.9166666666666666,0.9066666666666666,0.6
boolq,150M,300,116,87,0.75,0.7666666666666667,0.6133333333333333
boolq,300M,300,103,91,0.883495145631068,0.83,0.6566666666666666
boolq,530M,300,96,86,0.8958333333333334,0.7966666666666666,0.68
boolq,750M,300,115,94,0.8173913043478261,0.8133333333333334,0.6166666666666667
csqa,4M,300,99,83,0.8383838383838383,0.76,0.67
csqa,6M,300,117,97,0.8290598290598291,0.7366666666666667,0.61
csqa,8M,300,114,78,0.6842105263157895,0.6666666666666666,0.62
csqa,10M,300,74,62,0.8378378378378378,0.63,0.7533333333333333
csqa,14M,300,71,68,0.9577464788732394,0.7366666666666667,0.7633333333333333
csqa,16M,300,119,99,0.8319327731092437,0.6333333333333333,0.6033333333333334
csqa,20M,300,105,71,0.6761904761904762,0.5833333333333334,0.65
csqa,60M,300,91,65,0.7142857142857143,0.5833333333333334,0.6966666666666667
csqa,90M,300,80,57,0.7125,0.5033333333333333,0.7333333333333333
csqa,150M,300,77,59,0.7662337662337663,0.58,0.7433333333333333
csqa,300M,300,47,37,0.7872340425531915,0.43333333333333335,0.8433333333333334
csqa,530M,300,46,40,0.8695652173913043,0.44,0.8466666666666667
csqa,750M,300,56,49,0.875,0.5166666666666667,0.8133333333333334
hellaswag,4M,299,196,133,0.6785714285714286,0.7157190635451505,0.34448160535117056
hellaswag,6M,299,187,92,0.4919786096256685,0.5551839464882943,0.3745819397993311
hellaswag,8M,299,158,91,0.5759493670886076,0.6287625418060201,0.47157190635451507
hellaswag,10M,299,156,83,0.532051282051282,0.5351170568561873,0.4782608695652174
hellaswag,14M,299,183,129,0.7049180327868853,0.7090301003344481,0.3879598662207358
hellaswag,16M,299,161,91,0.5652173913043478,0.5785953177257525,0.46153846153846156
hellaswag,20M,299,213,101,0.47417840375586856,0.5484949832775919,0.28762541806020064
hellaswag,60M,299,153,51,0.3333333333333333,0.3712374581939799,0.4882943143812709
hellaswag,90M,299,112,44,0.39285714285714285,0.30434782608695654,0.6254180602006689
hellaswag,150M,299,86,33,0.38372093023255816,0.2809364548494983,0.7123745819397993
hellaswag,300M,299,41,23,0.5609756097560976,0.2140468227424749,0.862876254180602
hellaswag,530M,299,25,13,0.52,0.14046822742474915,0.9163879598662207
hellaswag,750M,299,25,17,0.68,0.16722408026755853,0.9163879598662207
mmlu,4M,300,155,113,0.7290322580645161,0.7133333333333334,0.48333333333333334
mmlu,6M,300,73,56,0.7671232876712328,0.55,0.7566666666666667
mmlu,8M,300,58,47,0.8103448275862069,0.5166666666666667,0.8066666666666666
mmlu,10M,300,48,43,0.8958333333333334,0.48333333333333334,0.84
mmlu,14M,300,42,27,0.6428571428571429,0.36,0.86
mmlu,16M,300,44,36,0.8181818181818182,0.33666666666666667,0.8533333333333334
mmlu,20M,300,47,29,0.6170212765957447,0.2866666666666667,0.8433333333333334
mmlu,60M,300,47,35,0.7446808510638298,0.24666666666666667,0.8433333333333334
mmlu,90M,300,29,22,0.7586206896551724,0.23333333333333334,0.9033333333333333
mmlu,150M,300,26,20,0.7692307692307693,0.19333333333333333,0.9133333333333333
mmlu,300M,300,29,22,0.7586206896551724,0.16333333333333333,0.9033333333333333
mmlu,530M,300,14,10,0.7142857142857143,0.12666666666666668,0.9533333333333334
mmlu,750M,300,19,16,0.8421052631578947,0.18,0.9366666666666666
openbookqa,4M,300,148,135,0.9121621621621622,0.8666666666666667,0.5066666666666667
openbookqa,6M,300,113,95,0.8407079646017699,0.7966666666666666,0.6233333333333333
openbookqa,8M,300,92,81,0.8804347826086957,0.8066666666666666,0.6933333333333334
openbookqa,10M,300,124,114,0.9193548387096774,0.8766666666666667,0.5866666666666667
openbookqa,14M,300,88,77,0.875,0.79,0.7066666666666667
openbookqa,16M,300,103,83,0.8058252427184466,0.7166666666666667,0.6566666666666666
openbookqa,20M,300,92,84,0.9130434782608695,0.7233333333333334,0.6933333333333334
openbookqa,60M,300,93,84,0.9032258064516129,0.66,0.69
openbookqa,90M,300,62,57,0.9193548387096774,0.6233333333333333,0.7933333333333333
openbookqa,150M,300,55,46,0.8363636363636363,0.55,0.8166666666666667
openbookqa,300M,300,53,48,0.9056603773584906,0.5166666666666667,0.8233333333333334
openbookqa,530M,300,50,42,0.84,0.52,0.8333333333333334
openbookqa,750M,300,64,55,0.859375,0.59,0.7866666666666666
piqa,4M,300,86,68,0.7906976744186046,0.58,0.7133333333333334
piqa,6M,300,82,76,0.926829268292683,0.69,0.7266666666666667
piqa,8M,300,68,56,0.8235294117647058,0.66,0.7733333333333333
piqa,10M,300,96,78,0.8125,0.6866666666666666,0.68
piqa,14M,300,52,46,0.8846153846153846,0.5666666666666667,0.8266666666666667
piqa,16M,300,65,62,0.9538461538461539,0.64,0.7833333333333333
piqa,20M,300,87,77,0.8850574712643678,0.62,0.71
piqa,60M,300,89,71,0.797752808988764,0.5433333333333333,0.7033333333333334
piqa,90M,300,65,63,0.9692307692307692,0.5866666666666667,0.7833333333333333
piqa,150M,300,59,56,0.9491525423728814,0.5066666666666667,0.8033333333333333
piqa,300M,300,60,50,0.8333333333333334,0.5666666666666667,0.8
piqa,530M,300,55,50,0.9090909090909091,0.5,0.8166666666666667
piqa,750M,300,61,56,0.9180327868852459,0.5533333333333333,0.7966666666666666
socialiqa,4M,300,165,137,0.8303030303030303,0.8733333333333333,0.45
socialiqa,6M,300,126,116,0.9206349206349206,0.83,0.58
socialiqa,8M,300,71,64,0.9014084507042254,0.76,0.7633333333333333
socialiqa,10M,300,110,98,0.8909090909090909,0.8733333333333333,0.6333333333333333
socialiqa,14M,300,118,105,0.8898305084745762,0.7933333333333333,0.6066666666666667
socialiqa,16M,300,88,79,0.8977272727272727,0.7766666666666666,0.7066666666666667
socialiqa,20M,300,115,99,0.8608695652173913,0.8466666666666667,0.6166666666666667
socialiqa,60M,300,81,79,0.9753086419753086,0.76,0.73
socialiqa,90M,300,105,90,0.8571428571428571,0.75,0.65
socialiqa,150M,300,98,91,0.9285714285714286,0.7633333333333333,0.6733333333333333
socialiqa,300M,300,77,72,0.935064935064935,0.6566666666666666,0.7433333333333333
socialiqa,530M,300,56,51,0.9107142857142857,0.6633333333333333,0.8133333333333334
socialiqa,750M,300,54,49,0.9074074074074074,0.6566666666666666,0.82
winogrande,4M,300,185,158,0.8540540540540541,0.86,0.38333333333333336
winogrande,6M,300,176,144,0.8181818181818182,0.8533333333333334,0.41333333333333333
winogrande,8M,300,139,131,0.9424460431654677,0.91,0.5366666666666666
winogrande,10M,300,134,117,0.8731343283582089,0.84,0.5533333333333333
winogrande,14M,300,169,144,0.8520710059171598,0.8666666666666667,0.43666666666666665
winogrande,16M,300,197,140,0.7106598984771574,0.75,0.3433333333333333
winogrande,20M,300,167,145,0.8682634730538922,0.86,0.44333333333333336
winogrande,60M,300,156,136,0.8717948717948718,0.8266666666666667,0.48
winogrande,90M,300,162,140,0.8641975308641975,0.88,0.46
winogrande,150M,300,164,128,0.7804878048780488,0.8166666666666667,0.4533333333333333
winogrande,300M,300,86,83,0.9651162790697675,0.7766666666666666,0.7133333333333334
winogrande,530M,300,60,55,0.9166666666666666,0.6266666666666667,0.8
winogrande,750M,300,93,89,0.956989247311828,0.81,0.69
