task,size,acc,snr_ours,snr_sn
arc_challenge,4M,0.61,0.3896416630841064,0.2861169869731001
arc_easy,4M,0.9066666666666666,2.915436868214672,1.2104534804771887
boolq,4M,0.42333333333333334,0.49740690752065864,1.0358602420845644
csqa,4M,0.67,0.3420166968682564,0.32810067951803934
hellaswag,4M,0.34448160535117056,0.5971361955267298,0.3294306924600967
mmlu,4M,0.48333333333333334,0.3788991132205802,0.23259101138337893
openbookqa,4M,0.5066666666666667,0.2286601019182424,0.2537921250702046
piqa,4M,0.7133333333333334,1.2571787759282884,1.0377914287439454
socialiqa,4M,0.45,0.2819189346633379,0.46059001934961136
winogrande,4M,0.38333333333333336,0.0,0.5159582202208631
arc_challenge,6M,0.58,0.2814699026558872,0.32988159032928965
arc_easy,6M,0.92,2.7153115004620543,2.3978144472744125
boolq,6M,0.3333333333333333,0.9105938291260965,2.521438980403247
csqa,6M,0.61,0.714694663545641,0.4234832988458224
hellaswag,6M,0.3745819397993311,0.9400230460988382,0.5214594955055568
mmlu,6M,0.7566666666666667,0.898300710085974,0.4625282967896143
openbookqa,6M,0.6233333333333333,0.3298732572527752,0.3393567835548439
piqa,6M,0.7266666666666667,0.6587740749144196,0.9779646259672798
socialiqa,6M,0.58,0.5103616334622945,0.5793166923699015
winogrande,6M,0.41333333333333333,0.0,0.501137330256087
arc_challenge,8M,0.5433333333333333,0.41233618868372157,0.2122561406911451
arc_easy,8M,0.8766666666666667,2.8636415892747697,0.9507691992098865
boolq,8M,0.38333333333333336,0.3757428794470307,0.6830613389718865
csqa,8M,0.62,0.7635684364815182,0.3229441832755569
hellaswag,8M,0.47157190635451507,0.7039694374751598,0.2630431882621413
mmlu,8M,0.8066666666666666,1.1503812134079905,0.34793457032912783
openbookqa,8M,0.6933333333333334,0.31827553780645007,0.24311260425913675
piqa,8M,0.7733333333333333,0.8235643141663934,0.7720718886389947
socialiqa,8M,0.7633333333333333,0.8097849411727763,0.5826486849087987
winogrande,8M,0.5366666666666666,0.0,0.3163523754501663
arc_challenge,10M,0.5166666666666667,0.0,0.24018208816521477
arc_easy,10M,0.91,3.62757259052325,2.184839829745517
boolq,10M,0.44666666666666666,0.15055071569499442,0.7606653234774206
csqa,10M,0.7533333333333333,0.8268842167382515,0.34310115817802345
hellaswag,10M,0.4782608695652174,1.0206425411964646,0.32951733852892157
mmlu,10M,0.84,1.2953890162967145,0.5210630415612513
openbookqa,10M,0.5866666666666667,0.1696119689474608,0.28223558098035206
piqa,10M,0.68,0.7285234349354942,0.813638059837196
socialiqa,10M,0.6333333333333333,0.33610184371633234,0.38119253760234745
winogrande,10M,0.5533333333333333,0.17105763993812031,0.5099392126326915
arc_challenge,14M,0.67,0.3689788675031712,0.22425101148368354
arc_easy,14M,0.8933333333333333,3.653466437801806,1.6047198380038168
boolq,14M,0.5433333333333333,0.4435943764159153,0.5483388532058593
csqa,14M,0.7633333333333333,0.39498121097102584,0.3257913575977318
hellaswag,14M,0.3879598662207358,0.40445325528239134,0.24101265104506372
mmlu,14M,0.86,1.5661459426037414,0.42224079083379773
openbookqa,14M,0.7066666666666667,0.44218892198060167,0.23939234967592252
piqa,14M,0.8266666666666667,1.180828861808115,0.8097037151381243
socialiqa,14M,0.6066666666666667,0.6415778102905993,0.3786246473428616
winogrande,14M,0.43666666666666665,0.21469378011987733,0.5179430870571143
arc_challenge,16M,0.8033333333333333,0.24274356393257507,0.3298644053852498
arc_easy,16M,0.89,4.596179798913067,2.5712947341407744
boolq,16M,0.5133333333333333,0.33545300830329194,0.7167319691890895
csqa,16M,0.6033333333333334,0.9354081005506034,0.841119975377523
hellaswag,16M,0.46153846153846156,0.8215658377285716,0.46469323284390157
mmlu,16M,0.8533333333333334,1.7758253587305604,0.6250968237860225
openbookqa,16M,0.6566666666666666,0.7232757588748313,0.39580775579191646
piqa,16M,0.7833333333333333,0.9926031775219781,1.0388705011450492
socialiqa,16M,0.7066666666666667,0.5931424135256351,0.6383795770280323
winogrande,16M,0.3433333333333333,0.6435048701444981,0.785975290756249
arc_challenge,20M,0.7966666666666666,0.7212676326938595,0.3587264886080604
arc_easy,20M,0.8933333333333333,3.833764426919245,2.1902037985344793
boolq,20M,0.5033333333333333,0.35182013174720217,0.7457542662727086
csqa,20M,0.65,1.1588960832986814,0.6212400195170655
hellaswag,20M,0.28762541806020064,0.8596069408776772,0.47806585407597935
mmlu,20M,0.8433333333333334,2.235802548915554,0.7638468449121011
openbookqa,20M,0.6933333333333334,0.6956456624830507,0.3954107451525041
piqa,20M,0.71,1.0845100054905035,0.7606267836409962
socialiqa,20M,0.6166666666666667,0.4000862140242065,0.5600200782374142
winogrande,20M,0.44333333333333336,0.0,0.46915930236364217
arc_challenge,60M,0.8233333333333334,1.4712830176814728,1.0471332122589612
arc_easy,60M,0.93,6.6495700193134,5.989796904650117
boolq,60M,0.5133333333333333,0.0,1.1982723483679485
csqa,60M,0.6966666666666667,1.1790897946006804,1.3827429715753354
hellaswag,60M,0.4882943143812709,1.4573890562175873,1.196141810493473
mmlu,60M,0.8433333333333334,3.081364144813527,1.309491718805357
openbookqa,60M,0.69,0.9932588719793275,1.0754643103498176
piqa,60M,0.7033333333333334,1.8125938001938142,1.433727654698598
socialiqa,60M,0.73,0.6045031242670162,0.711935888909057
winogrande,60M,0.48,0.17256343219026601,0.6263841831207373
arc_challenge,90M,0.8966666666666666,2.5224059282802758,1.3695568191559477
arc_easy,90M,0.94,5.82495584195672,5.522167059625726
boolq,90M,0.6,0.7033296981985112,1.41606087977208
csqa,90M,0.7333333333333333,1.4542023712671979,1.4886669728046071
hellaswag,90M,0.6254180602006689,2.203391728314719,0.9216451278898248
mmlu,90M,0.9033333333333333,4.074834561647281,1.464128034135564
openbookqa,90M,0.7933333333333333,1.281142217063039,0.9641353811403043
piqa,90M,0.7833333333333333,1.2750656569382464,1.3579040870716743
socialiqa,90M,0.65,0.5560707024982376,0.6803103617740293
winogrande,90M,0.46,0.0,0.6130573336095164
arc_challenge,150M,0.8466666666666667,2.9337260059953745,1.8486220412139331
arc_easy,150M,0.95,8.195450362713414,8.466484024731368
boolq,150M,0.6133333333333333,1.1490841699322076,2.146987119200701
csqa,150M,0.7433333333333333,1.3308276386100464,1.8387207506592218
hellaswag,150M,0.7123745819397993,2.7623477114189234,1.6719967902152924
mmlu,150M,0.9133333333333333,4.415480701710925,2.216389166765151
openbookqa,150M,0.8166666666666667,1.3943287346220334,1.3266790737393352
piqa,150M,0.8033333333333333,1.989112412676526,2.100781316165118
socialiqa,150M,0.6733333333333333,0.7617462859079873,0.7930507663186137
winogrande,150M,0.4533333333333333,0.3211672654790183,0.6938704038025725
arc_challenge,300M,0.9266666666666666,3.6947461122544274,2.9128448563866915
arc_easy,300M,0.9533333333333334,8.434473738937594,14.308137068892618
boolq,300M,0.6566666666666666,0.8610185343926287,2.0950584925740574
csqa,300M,0.8433333333333334,1.943854612864864,2.7878714348432765
hellaswag,300M,0.862876254180602,4.028956744066941,3.0299232335833035
mmlu,300M,0.9033333333333333,5.51102996855912,3.783289639700075
openbookqa,300M,0.8233333333333334,1.594053954519293,1.683659917059945
piqa,300M,0.8,1.6728754835670119,2.4346137288904335
socialiqa,300M,0.7433333333333333,1.1715946287424832,1.5913130857259685
winogrande,300M,0.7133333333333334,0.4300506435470631,1.0027346288980703
arc_challenge,530M,0.9366666666666666,3.7900537236191862,2.5017851837206435
arc_easy,530M,0.97,6.450306577918771,6.878697305020745
boolq,530M,0.68,0.7414782875376109,0.9970876365158494
csqa,530M,0.8466666666666667,2.2134322633801653,2.1655450922178723
hellaswag,530M,0.9163879598662207,6.6061489576573535,2.862603957619163
mmlu,530M,0.9533333333333334,7.609636762983512,2.6004121227685015
openbookqa,530M,0.8333333333333334,1.7571968497518595,1.5563971598536515
piqa,530M,0.8166666666666667,1.885341411719624,2.224477221630869
socialiqa,530M,0.8133333333333334,1.055683689485659,1.2171245572049139
winogrande,530M,0.8,1.2106659745750254,1.3207206133077345
arc_challenge,750M,0.94,3.6897538832697716,1.6297498311051843
arc_easy,750M,0.9666666666666667,5.635470006036089,4.7016908069339705
boolq,750M,0.6166666666666667,0.7449292852076611,0.7425978867087981
csqa,750M,0.8133333333333334,1.5836462682473018,1.0906382929797944
hellaswag,750M,0.9163879598662207,5.985371980411424,1.7888809412786042
mmlu,750M,0.9366666666666666,5.839833288640087,2.123458736759308
openbookqa,750M,0.7866666666666666,1.594180304480695,0.7901976809623682
piqa,750M,0.7966666666666666,1.7581768807513414,1.4496491993735843
socialiqa,750M,0.82,1.1185279816914957,0.6846318949877253
winogrande,750M,0.69,0.4667394260071035,0.5366056205215578
