params,data,R_raw,R_log,R_log_stab,med_ratio,n_tasks,ceil_med,ceil_lo,null_hi
10M,C4,0.9745162588164533,0.9450809673017939,0.8773409365194784,1.4052092342681974,10,0.8041906701608713,0.5867340564917494,0.4998949014289291
10M,DCLM-Baseline,0.24686179272380254,0.21706562157302628,0.00993662655134668,1.8979890130051236,10,0.7727208479184322,0.49700037727202545,0.4914396040482927
10M,DCLM-Baseline (QC 10%),0.44594811569417847,0.5792193305819059,0.5307446590256321,1.5273595401371531,10,0.6608026718219122,0.217200147831476,0.5085099181117603
10M,DCLM-Baseline (QC 20%),0.9718999662110006,0.8690954861124525,0.8606011280882475,1.4643981641087045,10,0.8400974600529088,0.6118158256176236,0.530898767252343
10M,"DCLM-Baseline (QC 7%, FW2)",0.877702564839129,0.9510906706951523,0.8399458982978015,1.7587848383687477,10,0.8026799082626785,0.5698640820868651,0.5099028643721443
10M,"DCLM-Baseline (QC 7%, FW3)",0.6489463579355923,0.788653236398969,0.7868883817037516,1.7695065163925654,10,0.8466191631066204,0.6956794418338151,0.5541267699488257
10M,DCLM-Baseline (QC FW 10%),-0.38730941254008705,-0.2540125779700723,-0.3680997759689908,0.7450140639775034,10,0.7347823877091788,0.44999705277263247,0.5628970339482158
10M,DCLM-Baseline (QC FW 3%),0.7921819877066786,0.8480001796478086,0.670507641721123,0.99355554045204,10,0.7667970217489395,0.5359872541267084,0.49380750575494253
10M,DCLM-Baseline 25% / Dolma 75%,0.9745839450001773,0.8729909919489592,0.854864407766338,1.6439088255598808,10,0.828501917504507,0.6225944962348191,0.5453537991333599
10M,DCLM-Baseline 50% / Dolma 50%,0.9541488234223432,0.8470069469091952,0.8806974211173891,1.5004794514150301,10,0.8441950619163336,0.6306953330870386,0.5264656639165869
10M,DCLM-Baseline 75% / Dolma 25%,0.5579972475849362,0.6425294852175264,0.7470795530289394,1.8471910182779598,10,0.8493289493694822,0.6448496267748789,0.5879795272333737
10M,Dolma1.6++,0.5508956949866977,0.5639516318756542,0.43708606535053596,2.3861835156321023,10,0.8284809458711065,0.5923019149391926,0.5516475809442345
10M,Dolma1.7,0.0052416156964469884,0.3805350093781159,0.7855798205094154,1.4251834918785589,10,0.8737877800163799,0.7187555658905498,0.5553904339527526
10M,Dolma1.7 (no Flan),0.9337646704824195,0.8523094836263704,0.8340945571596863,1.5647905643588493,10,0.8583730466306836,0.6489951034074701,0.6020521064117044
10M,Dolma1.7 (no Reddit),0.2876849554931043,0.4210335476213553,0.3490758914436791,1.0688227935413104,10,0.7903389764098868,0.5170518337045154,0.5470304403710754
10M,Dolma1.7 (no code),0.9941919467158984,0.9212513587305305,0.86830973719934,1.380437405964881,10,0.833002050728695,0.597893779097647,0.6236880576563284
10M,"Dolma1.7 (no math, code)",0.6044915542916546,0.7567433221397084,0.7746367631556971,1.785831688461597,10,0.8557464439479754,0.6540757701843326,0.5453620583586845
10M,Falcon,0.35909784697569097,0.8035414317457966,0.7126025450815145,0.8874588734069122,10,0.8214925420662457,0.5732559832327506,0.5314685478453237
10M,Falcon+CC,-0.14106879344189943,-0.002338684749663196,-0.011468843021525309,1.1932367255300589,10,0.8537353426383214,0.6692019537100977,0.5833427794539451
10M,Falcon+CC (QC 10%),0.2603354183240126,0.27806338213576487,0.2668938016953675,1.4478437948387812,10,0.7823541773479807,0.5177401352810975,0.5330149792013138
10M,Falcon+CC (QC 20%),0.8255637117872803,0.7684466140770416,0.7167767895000835,1.37611254130786,10,0.8048333582608094,0.5146115511201037,0.5243992893226113
10M,Falcon+CC (QC Orig 10%),0.6849344457494042,0.6901626938926458,0.7377588235202119,2.1383485739287527,10,0.7582353848069618,0.4502846971524905,0.554486040866791
10M,Falcon+CC (QC Tulu 10%),0.8808935464363614,0.933137148184722,0.8354151685026749,1.1537646573087625,10,0.852228883022369,0.6427999947923199,0.5203220873649198
10M,FineWeb-Edu,0.39418717388452945,0.09943629025736626,-0.07675774611477834,1.25188941485305,10,0.8201666194181825,0.5569166053988632,0.5860006480805977
10M,FineWeb-Pro,0.6946350094342895,0.5697345589908381,0.6750246949909009,1.087841477609217,10,0.7748175564226133,0.4832232615193042,0.544473395932524
14M,C4,0.9720911007211036,0.8558791424597466,0.9214387209588136,0.8372650134306823,10,0.8494103839827294,0.6517680635107412,0.5721688463603338
14M,DCLM-Baseline,0.8781091206118806,0.8258208504473652,0.8993838322043107,1.594179488556061,10,0.8184328974455859,0.6162336079049432,0.5901490216259
14M,DCLM-Baseline (QC 10%),0.20591276475763884,0.40554882306838436,0.4727023405198698,1.3168772449470887,10,0.7339712916956465,0.364340164266782,0.5305825324274265
14M,DCLM-Baseline (QC 20%),-0.020918025168651235,0.24583382586795335,0.09027240433443526,1.3719898145993836,10,0.7568423890678654,0.43533453687788426,0.6167389924438824
14M,"DCLM-Baseline (QC 7%, FW2)",0.3392117385064052,0.393996970056125,0.5574941856801933,1.443880804550069,10,0.5619292670961775,-0.0002499728026450629,0.5155403776708941
14M,"DCLM-Baseline (QC 7%, FW3)",0.9448860775127746,0.7893933191879025,0.8394900916372184,1.0166950013171232,10,0.7260892528570231,0.27322202059083633,0.563034657281938
14M,DCLM-Baseline (QC FW 10%),0.045150645365928804,0.48485021905059833,-0.07324122903432476,0.8872030051906823,10,0.8336980137802152,0.6306218209604671,0.5267998995562361
14M,DCLM-Baseline (QC FW 3%),0.7241574562135897,0.665244602244566,0.7256268650228688,1.4823229019710045,10,0.7834586222923485,0.4707458677512273,0.5531818119269956
14M,DCLM-Baseline 25% / Dolma 75%,-0.1245108038790161,0.043358822539830685,0.23855923216068461,0.7880820003509359,10,0.8083046145835185,0.5704480819968835,0.5446727623187373
14M,DCLM-Baseline 50% / Dolma 50%,0.24261031222460527,0.5328591376284035,0.7150308639710501,0.8130530502525284,10,0.6634096225158796,0.2590858321243523,0.5057748231540479
14M,DCLM-Baseline 75% / Dolma 25%,0.9670629164562248,0.6969301038200476,0.9573050399629113,0.8337736737042791,10,0.8877725115133152,0.724975139830706,0.5118780907316379
14M,Dolma1.6++,0.9650871907345934,0.9299997246546479,0.9128308647934127,1.224161121770727,10,0.8347349527392546,0.5796558342622297,0.5624496988226686
14M,Dolma1.7,0.5321108000457139,0.7945815311809297,0.8206297956858175,0.6008634075227742,10,0.83659085849345,0.6300514992474749,0.6048112960136265
14M,Dolma1.7 (no Flan),0.7478926908006663,0.7557180276578688,0.7684635709379996,0.9078949856508839,10,0.8413724432093321,0.6398622972694942,0.5107871182238833
14M,Dolma1.7 (no Reddit),0.8600872747496713,0.7986655863239346,0.8039812668641678,1.4030871638310227,10,0.8317160875581511,0.6277519913751303,0.5913163522925317
14M,Dolma1.7 (no code),0.5003876565662612,0.690042920129512,0.7527350810557334,1.0750107403238403,10,0.7703980058036821,0.4688277067124969,0.5271070253135686
14M,"Dolma1.7 (no math, code)",0.12561002362214543,0.6366283482932888,0.7675412896808596,1.0759226229693108,10,0.8669613586762348,0.6960134810388039,0.5473833941705125
14M,Falcon,-0.1444926104920213,-0.3959682762545109,-0.31504623355263245,1.5797724168870046,10,0.9033391888668729,0.7848571017207142,0.7366621059610609
14M,Falcon+CC,0.022117138369551176,0.4471753838305309,0.47972564165289533,0.7355947804795432,10,0.8296295832585872,0.5690790467351343,0.6180510355635563
14M,Falcon+CC (QC 10%),0.9567373548278708,0.8312570683390239,0.864508727817412,1.1781117285856282,10,0.7698032098844034,0.4521349000493072,0.5495969505828321
14M,Falcon+CC (QC 20%),0.804381344801878,0.702703390867273,0.671418048858684,0.9256481398423204,10,0.8337056680374236,0.59904621855956,0.5435475359682894
14M,Falcon+CC (QC Orig 10%),0.8163293254937775,0.7312938752488478,0.8835608925134275,1.3399191540551103,10,0.7262460258043921,0.3770476165136837,0.4749222933196169
14M,Falcon+CC (QC Tulu 10%),0.6664642785876083,0.8172318971427692,0.7172641795187764,1.0051260779285212,10,0.7794619753771261,0.5201165092608332,0.6048280137774954
14M,FineWeb-Edu,0.9563534293981798,0.7677308515859526,0.6332430231416735,1.2287198805733484,10,0.8663816122057655,0.7091246336604945,0.5767456503315775
14M,FineWeb-Pro,0.8356033291160718,0.8655911818849663,0.9393215373562512,1.1304534928925039,10,0.7449260803879554,0.4383772268100388,0.5649295852700902
150M,C4,0.1359369451152333,0.4227798786889756,0.632511094523192,1.9917292841275618,10,0.7341716450592869,0.41634620385695165,0.5942525600594163
150M,DCLM-Baseline,0.959455945657349,0.8766784435203185,0.8205642461196698,2.12475298362396,10,0.738746888404773,0.41868258781323214,0.5586051177572989
150M,DCLM-Baseline (QC 10%),0.3437668143982476,0.5163030255201831,0.5450361140263718,1.1562857306087206,10,0.4160825333492837,-0.06381664139335749,0.5650070438345935
150M,DCLM-Baseline (QC 20%),0.3525476295129622,0.5017146452101361,0.6751292437874519,2.581089063848849,10,0.7912129562297918,0.49861688714961094,0.54967644215437
150M,"DCLM-Baseline (QC 7%, FW2)",0.37361155937659196,0.3650733139104343,0.3375343191324015,1.0788164404836922,10,0.6160588085869501,0.16969694253515621,0.49180214600522737
150M,"DCLM-Baseline (QC 7%, FW3)",0.944672374168903,0.7397633987704049,0.73832031113315,1.7323773524551784,10,0.7308380107357739,0.38801118532227324,0.5818341948693352
150M,DCLM-Baseline (QC FW 10%),0.604635655595474,0.6757311021369349,0.5679212082235061,2.2017600204970798,10,0.5741181972449391,0.1168496838106885,0.553504032637458
150M,DCLM-Baseline (QC FW 3%),0.8122704286564443,0.8415568638496147,0.8159153601505464,1.7212425868310088,10,0.7653765942483195,0.4708660953696559,0.5613126586089521
150M,DCLM-Baseline 25% / Dolma 75%,-0.24159385391566965,-0.06484167951331062,-0.020401000026221455,1.5608970488355607,10,0.737450144977847,0.4160971072093207,0.5688719657555443
150M,DCLM-Baseline 50% / Dolma 50%,0.9753680986243527,0.8347644271995693,0.6937766132502091,1.1861119999662462,10,0.797248876822479,0.5112789161747162,0.678647682349006
150M,DCLM-Baseline 75% / Dolma 25%,0.7013682834507623,0.8232494485357675,0.7993084504016389,1.8620181483613862,10,0.763906978289134,0.5473714493914952,0.5162523323815023
150M,Dolma1.6++,0.840074208858467,0.767603465861923,0.8050127028752949,2.1545901591774648,10,0.737366634593867,0.36042065767235426,0.5872130587259945
150M,Dolma1.7,0.7940160106494014,0.6133070177115818,0.7360954312354565,1.765638241505116,10,0.7192092401219371,0.40345036841201554,0.5305203636070028
150M,Dolma1.7 (no Flan),0.8541091630339146,0.5841213941060466,0.6500436744553694,2.2594303903689226,10,0.6859237196865109,0.3448524829106586,0.5168036775826885
150M,Dolma1.7 (no Reddit),0.3903416197949865,0.5749778369750336,0.45715048170250877,2.267595307088736,10,0.7234741668862357,0.33958740986620845,0.5615509263858631
150M,Dolma1.7 (no code),0.6969351037928619,0.6294043951567916,0.7563938175677306,2.3469321772133394,10,0.5892386490730416,0.14427527323841804,0.5221793634646663
150M,"Dolma1.7 (no math, code)",0.8903478862136256,0.8666473498991601,0.8193564440447445,2.144574048274559,10,0.7928502668399021,0.5117849790933836,0.49486199989926044
150M,Falcon,0.6893797498086007,0.7706140865110513,0.7459686040616328,2.212955467842544,10,0.6665676225747899,0.3586109724285043,0.5495325385328431
150M,Falcon+CC,0.8345214724148328,0.6890389752463156,0.8463415159537686,0.9827000943218762,10,0.690562440063541,0.28739804079838605,0.5181510990644471
150M,Falcon+CC (QC 10%),0.8323702317140096,0.6641499845104194,0.5927138283978794,1.3829517190524006,10,0.7939525916126875,0.5669697631966968,0.561044191985691
150M,Falcon+CC (QC 20%),0.9643533798273176,0.8127911768251684,0.880246787248629,1.4895706517581229,10,0.7992518526927319,0.5300755120075512,0.5650895260326543
150M,Falcon+CC (QC Orig 10%),0.7157852799758734,0.6573251380023157,0.607581716781683,1.9435105453209585,10,0.8304678213385204,0.5525391111764347,0.564804136925343
150M,Falcon+CC (QC Tulu 10%),0.9357152518546131,0.9001510694267925,0.828911249612434,2.3666839435402762,10,0.7678066073959247,0.43670244958893634,0.5583870812637253
150M,FineWeb-Edu,0.9723760189844518,0.8039628355536077,0.77408284217055,2.217515815153292,10,0.732423788316195,0.44081521145397995,0.5567268614849885
150M,FineWeb-Pro,0.3291491316672545,0.49162498646480113,0.5669774640090407,2.1081506909484777,10,0.6260460988397212,0.17453690076739378,0.5477638855207039
16M,C4,0.7802022547971227,0.7334932957578417,0.7004134264845548,2.564785281630006,10,0.7507910410268226,0.45283360322572797,0.5482431657849236
16M,DCLM-Baseline,0.7590146363432282,0.752263171662956,0.7167786781236715,1.452628427252915,10,0.8207431350784847,0.5728562943718535,0.6056245471928502
16M,DCLM-Baseline (QC 10%),0.6001192460227284,0.43622649770668265,0.3502769077021149,1.0328544859783721,10,0.8382353759762671,0.6181371843784198,0.5328232388934021
16M,DCLM-Baseline (QC 20%),0.363457024437856,0.6100172990972769,0.7249882418661752,2.48772139094042,10,0.8424456512799137,0.6255750535533041,0.57741502253013
16M,"DCLM-Baseline (QC 7%, FW2)",0.7547652559064378,0.7833496440512132,0.8310954357598632,1.1627029428086058,10,0.7861298201570117,0.4983073869034798,0.600593958656243
16M,"DCLM-Baseline (QC 7%, FW3)",0.8521915788240174,0.6958475532834201,0.662619703683497,1.2768875070133334,10,0.7499819032953718,0.4268887195399528,0.5720617143531923
16M,DCLM-Baseline (QC FW 10%),0.4151708345277607,0.7334124025977935,0.6955260532189477,2.0014938786659418,10,0.7934515525907821,0.5002686625434098,0.5080194473432479
16M,DCLM-Baseline (QC FW 3%),0.9143237900927583,0.8439613248636774,0.9241550531878306,1.410756887712203,10,0.8139152577491985,0.6059079319259025,0.5624834314451035
16M,DCLM-Baseline 25% / Dolma 75%,0.779614636072266,0.8016461403635758,0.7155186616350449,2.373285194839282,10,0.505437997829985,0.00449742391761229,0.5078253387821062
16M,DCLM-Baseline 50% / Dolma 50%,0.8240647382133075,0.780809914870317,0.8500675829182106,1.4913388316540082,10,0.9124952318334644,0.7871013642153138,0.595480241585254
16M,DCLM-Baseline 75% / Dolma 25%,0.92380367639775,0.8515860104385634,0.8148948511464292,1.5344678526398938,10,0.7859762828842274,0.5294522821044113,0.5779827571762896
16M,Dolma1.6++,0.9193537674993375,0.8425353747555233,0.8004089364280138,0.7844330034262977,10,0.8392366317812687,0.6531426651092495,0.559857965128044
16M,Dolma1.7,0.21432493921036389,0.4131382230116862,0.8508164534645628,1.2787549495871688,10,0.8725793902172329,0.6943585990349274,0.6056117961596076
16M,Dolma1.7 (no Flan),0.5967828772662322,0.8043241570751478,0.7441616423752819,1.8586622243955555,10,0.7053507730933728,0.34031486480380896,0.5615284906605318
16M,Dolma1.7 (no Reddit),0.49779811758738923,0.6403655963513203,0.6876808762636039,1.8075761881806898,10,0.8329688954114257,0.5562697752101375,0.5436803175081819
16M,Dolma1.7 (no code),0.6850692158011656,0.7559754683172986,0.8016130251452579,1.7228271960258184,10,0.7909396416796478,0.5009112730911189,0.5486707631857651
16M,"Dolma1.7 (no math, code)",0.3900862835157308,0.7259117191700832,0.8103360017476463,1.143298091155947,10,0.7330397619186086,0.40114530717209185,0.5404677927618659
16M,Falcon,0.3547845786163127,0.6441281769413214,0.6523324974774843,1.6586637184260993,10,0.704338983287744,0.3377711380027153,0.5478439239152859
16M,Falcon+CC,0.14766909813704773,0.46182654661613204,0.47910745568038104,2.037439335435513,10,0.7880625775777736,0.5066292528241895,0.5606249091876802
16M,Falcon+CC (QC 10%),0.7982607303559802,0.7554042410990383,0.7524192702621164,1.27489412953024,10,0.8609747866319093,0.6782725238632605,0.6058127265560515
16M,Falcon+CC (QC 20%),0.8985321528664127,0.7889589144930221,0.8347929480517916,1.728211817845411,10,0.7998144425498848,0.6026540208222246,0.5605820650267086
16M,Falcon+CC (QC Orig 10%),0.030242028763498126,0.39263051989700243,0.20530954318435093,1.1894208954654522,10,0.8556794791936402,0.6459381403611527,0.609535647652967
16M,Falcon+CC (QC Tulu 10%),0.9369529427956198,0.8371706779747967,0.8006936849095574,1.6014103125329187,10,0.6824926799448867,0.32603304134798444,0.5404413183345332
16M,FineWeb-Edu,0.44415975422240045,0.6072939750975097,0.633897729716846,1.6295100661499688,10,0.5985283938475445,0.15421670826613568,0.5398898594317649
16M,FineWeb-Pro,0.9086244062488333,0.8184970200491799,0.8253713407330074,1.468940711228094,10,0.7769692225196887,0.465106594604044,0.4975250457217644
1B,C4,0.5176743511210767,0.1380606496331306,0.26157275029360777,1.8790853259819222,10,0.5747112917300563,0.13012955768058684,0.5317160041208826
1B,DCLM-Baseline,0.40708481941277314,0.31245554462043174,0.3773871995768644,1.381418187265612,10,0.5997603127133373,0.16753516825962902,0.4477633233785733
1B,DCLM-Baseline (QC 10%),0.7730583558572356,0.7790572435782226,0.756840664207829,1.6432659202561832,10,0.6270005833888717,0.24357642217835174,0.5886571768224176
1B,DCLM-Baseline (QC 20%),0.040054621891883295,-0.16627377908466323,-0.03469113712236126,0.9301579640293322,10,0.7093617270966631,0.35433924192616445,0.5576409599424921
1B,"DCLM-Baseline (QC 7%, FW2)",0.5511494386722583,0.3676943122001791,0.27129192300374566,1.5436972776748366,10,0.4741418939635875,-0.09194240615523375,0.5589362956912272
1B,"DCLM-Baseline (QC 7%, FW3)",0.686440481864265,0.649534788818817,0.6498075577462656,1.9526087082793708,10,0.6967298118586198,0.3434767091914126,0.5607897459088703
1B,DCLM-Baseline (QC FW 10%),0.2849273743482731,0.11462221876912759,0.22824376674451644,1.533584693003304,10,0.7321469076603411,0.3947453878071145,0.5719704815225135
1B,DCLM-Baseline (QC FW 3%),0.8134665013398412,0.5942769880297284,0.7158187050624581,1.6129327451472275,10,0.7469065829242161,0.4278205409462744,0.48536709269734823
1B,DCLM-Baseline 25% / Dolma 75%,0.7089542724099349,0.6106848807481027,0.6645402049070106,1.013851425010141,10,0.6537726713943799,0.2648832078703113,0.5451098060598545
1B,DCLM-Baseline 50% / Dolma 50%,0.9491223873655245,0.5699120455645044,0.6568514704947254,1.1221507529317327,9,0.8360140605332846,0.6020420962969837,0.6961214491963285
1B,DCLM-Baseline 75% / Dolma 25%,0.9667428324776165,0.7760351668176673,0.8134067891199468,1.9714659789226965,10,0.7454993850560645,0.40941916719872484,0.5456626928690221
1B,Dolma1.6++,0.9805938165635271,0.8505869760350094,0.7780357387617078,1.5204825818541259,10,0.832686760566763,0.5877604140973742,0.5260710128001319
1B,Dolma1.7,-0.2044046119683525,-0.06484339599277594,-0.03450247291249227,2.9033468339598523,10,0.6838804754178482,0.24296711481914432,0.535606203814073
1B,Dolma1.7 (no Flan),0.28738010247342566,0.01933716143493421,0.00808815345822625,1.535778576370138,10,0.6117767748521475,0.1815254380763732,0.544764210298784
1B,Dolma1.7 (no Reddit),0.18216073333038443,0.2763168425626406,0.19937040162159572,1.7339292061218188,10,0.48089595529217544,-0.0012975271869643237,0.534565930214028
1B,Dolma1.7 (no code),0.29419707180504,0.4972554797713504,0.5415747023386128,1.2855437660658224,10,0.6637191440184731,0.2926234570480813,0.49997850739846567
1B,"Dolma1.7 (no math, code)",0.8599442670603278,0.6338247177645222,0.6812767666152983,0.9915509003450232,10,0.8167334548337947,0.5922893908239085,0.5586880858776072
1B,Falcon,0.5614746158116113,0.7219773144994959,0.6581508665701056,1.260160540483946,10,0.716563945197396,0.39871886252237865,0.5937324314197635
1B,Falcon+CC,0.2548247289262031,0.19083577601138538,0.4073653303550237,1.6208274130491396,10,0.5084467506749084,0.005552199240426409,0.5593295778065135
1B,Falcon+CC (QC 10%),0.3455451420403042,0.5813368679345767,0.7394494187759999,2.014332730781695,10,0.561639788088964,0.13166904007850652,0.547316382106878
1B,Falcon+CC (QC 20%),0.6982290419307037,0.6794600071702989,0.6208991667981835,1.255453806993752,10,0.7405578009365973,0.32288290310121,0.49957284696059095
1B,Falcon+CC (QC Orig 10%),0.1973254809450629,0.05973063071754747,0.1716731715824826,1.551532663777448,10,0.6109251901016179,0.18464385418122947,0.4991100376912074
1B,Falcon+CC (QC Tulu 10%),0.7320729892227009,0.7641082072764217,0.7835601123933064,1.0940942528945754,10,0.6915059086125239,0.3403665402959161,0.5738008774401154
1B,FineWeb-Edu,0.8539383361184355,0.5310264356128405,0.45412038609114186,1.6433025426788763,10,0.5764692999994881,0.1722549159301302,0.5008771739924981
1B,FineWeb-Pro,0.7883022763728431,0.5283200910222475,0.43329197998191377,1.4279431607937456,10,0.43911431780503063,-0.07735360349260924,0.473696984283536
20M,C4,0.990434238904071,0.8584131870068543,0.8216380900018251,1.057054302612724,10,0.8341417915982002,0.6214391423453587,0.4964053008566097
20M,DCLM-Baseline,0.23345032416460948,0.49545480645938256,0.5525445946163833,0.8425310644925219,10,0.6707723391571339,0.28132995288851387,0.5562461401755561
20M,DCLM-Baseline (QC 10%),0.6650155966165197,0.8604048404065833,0.860355610008122,1.4833318478166002,10,0.8440462512938371,0.6283021281968566,0.5329648953604573
20M,DCLM-Baseline (QC 20%),0.725569833114088,0.6586632336298895,0.23718288315574784,1.2299890422155495,10,0.8389470022919379,0.6574904661660311,0.6175661835895518
20M,"DCLM-Baseline (QC 7%, FW2)",0.8119652408110538,0.7075590437895648,0.47258849863952673,1.1255290227439985,10,0.7943397093509783,0.5166639097360959,0.59239719781862
20M,"DCLM-Baseline (QC 7%, FW3)",0.38699500180066604,0.293215808020212,0.5934129281293367,2.4895401788010263,10,0.7077405413946312,0.3826201166443696,0.5357387531425191
20M,DCLM-Baseline (QC FW 10%),0.4937126518908804,0.37856009810091307,0.2575274568124563,1.437282793694616,10,0.7610365456644035,0.5083634588559263,0.5302412397185657
20M,DCLM-Baseline (QC FW 3%),0.6945378597699345,0.5858942788151433,0.32375561704139283,2.306491718537291,10,0.6652707316655844,0.28735837596429775,0.5456227912464757
20M,DCLM-Baseline 25% / Dolma 75%,0.4311018826366142,0.5436147899441309,0.8271738976750176,1.4301670763436882,10,0.7974249836391605,0.5815965428009034,0.5213882047174985
20M,DCLM-Baseline 50% / Dolma 50%,0.7055166044596194,0.8426414896222864,0.7725089039985799,1.3380719363757008,10,0.7550333664904277,0.43362016005859644,0.5331118022950517
20M,DCLM-Baseline 75% / Dolma 25%,0.8896959341109063,0.8306616196243239,0.8241489319972835,1.2202444684655895,10,0.7711808517936862,0.46576410862461337,0.5390579005400099
20M,Dolma1.6++,0.3184308357662912,0.7683916661195519,0.6816965171971505,1.541063566806614,10,0.7220927195253223,0.42644524298981046,0.5774659692167522
20M,Dolma1.7,-0.043618036129246064,0.09091470411728658,0.1252743258484974,0.8035819443704062,10,0.7425142873887711,0.4038573193017714,0.590327682922084
20M,Dolma1.7 (no Flan),0.8394109292241844,0.7048993454204817,0.7291145350876453,1.3232088033549707,10,0.7903993411170689,0.5064049275158196,0.6483605551157723
20M,Dolma1.7 (no Reddit),0.8679175957418878,0.8284946815203666,0.8457803998537956,2.2900654331402444,10,0.7616795821181521,0.4518156538557121,0.5904648119184274
20M,Dolma1.7 (no code),0.8178043996607899,0.7030097161027639,0.7232065470024226,1.3694336286713569,10,0.8063515407764089,0.5449003490876764,0.5350913678583913
20M,"Dolma1.7 (no math, code)",0.9099243829983558,0.9093436811563189,0.6738702999982182,1.0279455952439207,10,0.6475337810448116,0.31853318277928605,0.5781156238653551
20M,Falcon,0.7975348499628478,0.8966876569603071,0.76727870557216,1.7362623926794059,10,0.7911915687793591,0.532129415410907,0.5612481809232694
20M,Falcon+CC,0.9609930565150753,0.8629822632578438,0.877474591403345,1.760380360734164,10,0.7855750221070137,0.5319081991691448,0.5280557448160575
20M,Falcon+CC (QC 10%),0.9750532021601782,0.7353550594408274,0.8167325948950199,1.2425831292274414,10,0.7862424888402728,0.5042349377749503,0.5668402556899218
20M,Falcon+CC (QC 20%),0.9300463987843184,0.7516957416503817,0.7785349962203161,1.4157431646204266,10,0.8118734982260075,0.5854216563703881,0.5223176304572674
20M,Falcon+CC (QC Orig 10%),0.8322190025698656,0.8808570353029068,0.7725613214761526,1.6655156027318112,10,0.7680953780305779,0.4286952694235592,0.5629836225089814
20M,Falcon+CC (QC Tulu 10%),0.896237546564186,0.7647176415375012,0.7770265039893899,1.6438732997883005,10,0.7837285223686912,0.5444750111121827,0.538022751469405
20M,FineWeb-Edu,0.14761815849150117,0.6188837069816366,0.5764335297747765,1.5921931581257764,10,0.7432600714717559,0.45401820051184344,0.5091036936620759
20M,FineWeb-Pro,0.28577594171044707,0.6258499470614298,0.7862890123436577,1.3821728993890448,10,0.7969686371621785,0.5179404834425435,0.4948499829158304
300M,C4,0.6950425322758709,0.8560707501273478,0.8587069215016013,2.3913626220135873,10,0.7893182673003681,0.5208372578967104,0.5261419341356862
300M,DCLM-Baseline,0.8822600680117733,0.6781405103937671,0.7393930747760643,2.1668217611430665,10,0.7399838153763327,0.38310268667171815,0.5609858886675562
300M,DCLM-Baseline (QC 10%),0.8587643879884078,0.8242125806782947,0.38770005974549926,1.3390287099306581,10,0.7950858075554985,0.5503089082670503,0.559250367688756
300M,DCLM-Baseline (QC 20%),0.618401572184412,0.5269875067318932,0.5767293910793343,1.6421497665442355,10,0.7795849509904208,0.4452796305131683,0.5701818600475599
300M,"DCLM-Baseline (QC 7%, FW2)",0.6997505018256676,0.5501907860478374,0.3971524981211633,2.0870358651680503,10,0.6693999639684688,0.2534595716107134,0.6125074363510702
300M,"DCLM-Baseline (QC 7%, FW3)",0.9446767547224506,0.8550332015036521,0.7907663374280519,1.3877641760927375,10,0.7194384377382399,0.3528111803197456,0.5502802540482595
300M,DCLM-Baseline (QC FW 10%),0.8661130036761823,0.700540817411297,0.6556187166030125,2.051610378870113,10,0.6252103672058701,0.11679343719267327,0.5103123019808865
300M,DCLM-Baseline (QC FW 3%),0.5240134611795064,0.3279154482030156,0.2763485856007216,1.8949457593678054,10,0.7836762643263926,0.4997485270741741,0.5696413702095563
300M,DCLM-Baseline 25% / Dolma 75%,0.27093413094436275,0.32352609402332766,0.6531517909605595,2.470607532561629,10,0.7856218943299605,0.530516951233297,0.491993361116041
300M,DCLM-Baseline 50% / Dolma 50%,0.9193126733248146,0.7732381077968759,0.7368343958311199,2.69855012529791,10,0.6620453901899601,0.30656875353428054,0.5558530178131884
300M,DCLM-Baseline 75% / Dolma 25%,0.35735558853104776,0.7546290350826506,0.7218702436394762,1.7536620493730937,10,0.6291171718442405,0.2018473508939689,0.559569698067486
300M,Dolma1.6++,0.6063453625937373,0.5322147691118758,0.6057582228382833,2.5464464630028294,10,0.6951077938928485,0.34571155534744863,0.5688299606444784
300M,Dolma1.7,0.10630432111409001,0.4166357266061555,0.5598426258698614,2.4742396025195905,10,0.7077145340358857,0.34476727230814397,0.5712513556868397
300M,Dolma1.7 (no Flan),0.37228300682008914,0.6068563582981396,0.6386113240047359,1.870478972386814,10,0.7212226578606254,0.3841243418371903,0.5561838214213721
300M,Dolma1.7 (no Reddit),0.7191373115811638,0.8317126434564454,0.8636367096984372,2.7096097147803655,10,0.5107935123607765,-0.025321970839832838,0.499631885019878
300M,Dolma1.7 (no code),0.5534479780758405,0.5556555915453035,0.6590703924940738,1.1601627772339667,10,0.8179470395353126,0.6065910090512988,0.5773339911431703
300M,"Dolma1.7 (no math, code)",0.5210113035312457,0.5734975225498988,0.40050121078567624,2.8807414778304334,10,0.7659691985480563,0.4666876213433372,0.5164084487840525
300M,Falcon,0.9373308963499819,0.9080938219399702,0.9019875825981593,1.3491041164574078,10,0.8343309492963209,0.6467639138885568,0.5470540979588078
300M,Falcon+CC,0.9376204219620441,0.9012634817775846,0.8804245651546452,3.314708147551191,10,0.6233714952300793,0.21098882956791598,0.4958535238724224
300M,Falcon+CC (QC 10%),0.8975289109526738,0.5217736870101198,0.5162901715526886,2.27982239731753,10,0.6844691356679461,0.3105772500111757,0.5847132074665876
300M,Falcon+CC (QC 20%),0.764400613541921,0.6807939387146853,0.6740603601272417,2.265457819142364,10,0.7814577311655352,0.4664835997119847,0.5799563394078634
300M,Falcon+CC (QC Orig 10%),0.8033421950665586,0.3272317508767869,0.32353487726030394,2.8003997943732304,10,0.7010986192500968,0.36046389844641996,0.5453535772374684
300M,Falcon+CC (QC Tulu 10%),0.9550220118367638,0.7868273012897669,0.7741050691022588,1.637298128543986,10,0.7371724720361179,0.418979477014021,0.5485327538935045
300M,FineWeb-Edu,0.985177417457329,0.7744855376726668,0.7303503063109285,2.5007417037136968,10,0.757986120578394,0.45808868711006295,0.5700215434124218
300M,FineWeb-Pro,0.8325287579649174,0.7958571256693586,0.8815332071512255,1.6959064536490542,10,0.6810544556422471,0.2745190076835671,0.5471203994140121
4M,C4,0.9611269618708022,0.8719653953613453,0.9159415101708459,1.7613268739326782,10,0.8569097451651454,0.6465153363879814,0.558684456105274
4M,DCLM-Baseline,0.90641303911804,0.8749709120238782,0.7773484021449224,1.6364381877078733,10,0.7873704405000126,0.5138664444007224,0.5229888416293721
4M,DCLM-Baseline (QC 10%),0.8905503801425848,0.8664952082813354,0.8335386371009902,0.9868112349213651,10,0.7842843616014161,0.5045666921349916,0.5189226420028411
4M,DCLM-Baseline (QC 20%),0.5638336228056459,0.8979524644778555,0.8608657742255812,1.6379903487577554,10,0.7041927440922575,0.3586818754339402,0.539579386899646
4M,"DCLM-Baseline (QC 7%, FW2)",0.6320534014142736,0.4994796504797328,0.6835934200075385,2.1158812147976174,10,0.7771039354103237,0.49285423288748165,0.5387246798965077
4M,"DCLM-Baseline (QC 7%, FW3)",-0.007543750710653245,0.41378359752467314,0.2864966179942425,1.8236912687986113,10,0.7205959636047701,0.34574319479609616,0.5115586375288804
4M,DCLM-Baseline (QC FW 10%),0.933509849582187,0.7253648510220111,0.5656569709772742,1.604119940996898,10,0.8172498678791307,0.5973833130603089,0.5302405111206018
4M,DCLM-Baseline (QC FW 3%),0.9083847272914908,0.8933332757010655,0.8455314581757888,2.11292287125345,10,0.7719169961435827,0.42329626657775765,0.5251990361086244
4M,DCLM-Baseline 25% / Dolma 75%,0.5014466546699903,0.7080949667424142,0.6762770246944599,1.6016231207352374,10,0.4767773006322834,-0.007312287333190422,0.5863584550263488
4M,DCLM-Baseline 50% / Dolma 50%,0.9588410283756649,0.6967622544310568,0.7136518059551555,4.396786786558076,10,0.8175807210627803,0.5848637373430193,0.5350195998232401
4M,DCLM-Baseline 75% / Dolma 25%,0.8680031193347102,0.6901409261105339,0.7471965753605114,0.681438366482299,10,0.8940337999118139,0.7420531617050101,0.5161034556657582
4M,Dolma1.6++,0.8700592717197645,0.5856411231483625,0.6364690055144767,1.3692867385911587,10,0.8506402040832063,0.6580840525553504,0.5618387154686454
4M,Dolma1.7,0.32127810449798994,0.464392990677039,0.6431373121954027,0.8470261338101643,10,0.8541230558869941,0.6326927358222226,0.5433136374666248
4M,Dolma1.7 (no Flan),0.7211019803349626,0.879466408693291,0.868096079315517,1.352928998916262,10,0.8360648345224844,0.6073009454386041,0.5338694637348187
4M,Dolma1.7 (no Reddit),0.8936555746551512,0.7352986797622892,0.863229389488564,1.5587767960737344,9,0.848641347763295,0.5930430574373832,0.5658937286338386
4M,Dolma1.7 (no code),0.9700432102918877,0.832777339036434,0.6910973131250636,1.0944285668827376,9,0.8807329368091179,0.6803694222743046,0.5972473347790366
4M,"Dolma1.7 (no math, code)",0.8748362672610849,0.7566924905100927,0.43763263928629403,1.2683557018624727,10,0.6811663880723104,0.34734722180808425,0.56511766589301
4M,Falcon,0.5544474618568572,0.6134645006450583,0.7724165470825445,2.6854102968586284,10,0.5747325361890565,0.17127689491219641,0.559232152092438
4M,Falcon+CC,0.7112285701896945,0.8232101728499369,0.2999958883380402,1.5317318936936535,10,0.8325050211778626,0.6166005871989817,0.5121519128102477
4M,Falcon+CC (QC 10%),0.9439338514377515,0.855954584520085,0.8180037929541175,1.2389562446253732,10,0.7969450052510414,0.5310752184528339,0.5127080930624403
4M,Falcon+CC (QC 20%),0.2389945927384691,0.2732478286222022,0.453077898218037,1.6929566947079009,10,0.6719951719402781,0.25533681761276433,0.5362549871449682
4M,Falcon+CC (QC Orig 10%),0.9358933175275959,0.8264544460211949,0.7014747909543995,1.816675541904887,10,0.8936651954733923,0.7380318980778651,0.5639135636523591
4M,Falcon+CC (QC Tulu 10%),0.3628106814286777,0.6349188870479251,0.7417914046446288,0.9875043008588155,10,0.8261097878393797,0.605969895593129,0.556665318552339
4M,FineWeb-Edu,0.976379977443507,0.8136074493909469,0.761766022885829,1.4542017401584797,10,0.7489006405276533,0.44860515862225675,0.5697385146132913
4M,FineWeb-Pro,0.6198803222822644,0.5478735108076768,0.6718045092421765,1.8152415745275734,10,0.7604152045193235,0.4864098068118009,0.5747383644906088
530M,C4,0.9455781638065148,0.7235697523864473,0.7164490986630246,1.295599854137185,10,0.7081549518924838,0.3368872732800435,0.5286092706390139
530M,DCLM-Baseline,0.6337378731848828,0.7096661428820101,0.5649722070978191,2.2356403747012434,10,0.4920875786346641,-0.05041102170717898,0.5357259378776636
530M,DCLM-Baseline (QC 10%),0.7503414206475226,0.7589320364922634,0.7546028178016513,1.0386536862029132,10,0.5958754062816417,0.12734014132765134,0.568178620558224
530M,DCLM-Baseline (QC 20%),0.8648441021572628,0.6314945518691155,0.7473979931214778,1.2805236170669096,10,0.5856991100817308,0.08395970858310951,0.5199676473021003
530M,"DCLM-Baseline (QC 7%, FW2)",0.7758429138624946,0.5608507572699195,0.42236453720612543,1.869402518411438,10,0.7437583954466462,0.41089939944590853,0.5530325933294649
530M,"DCLM-Baseline (QC 7%, FW3)",0.4106372134857947,0.18609862473960567,0.2795985214978034,1.361205387401096,10,0.6835460652465031,0.3068299692877468,0.5601188975294924
530M,DCLM-Baseline (QC FW 10%),0.35117659317028443,0.533379995793216,0.5936218415355942,2.1609689050500274,10,0.7261035951277527,0.38106811809822855,0.5317558665937778
530M,DCLM-Baseline (QC FW 3%),0.9709690627845289,0.7409171279708678,0.7911247193629078,2.024200308469379,10,0.7838533401462626,0.48522873662513244,0.5202182275706293
530M,DCLM-Baseline 25% / Dolma 75%,0.9440171171541841,0.8166624391900601,0.8817218797678188,1.3962902753669657,10,0.7078418014784842,0.3277653336118935,0.5661344757639201
530M,DCLM-Baseline 50% / Dolma 50%,0.9589400593468915,0.8687218692438081,0.8405223517224363,1.437886980731812,10,0.7553033806309566,0.4259682922235849,0.5964444335330276
530M,DCLM-Baseline 75% / Dolma 25%,0.9848439186658393,0.803747241079858,0.8118482949044232,1.3433871258380916,10,0.7321840787883526,0.41026383209808176,0.5814928509339854
530M,Dolma1.6++,0.891723095767399,0.7882910475825469,0.8298466865171705,0.9637791368414024,10,0.8115807137353808,0.5833365596873257,0.6295147431955811
530M,Dolma1.7,0.7883686240909682,0.6162043269567555,0.8833763771766635,1.3645189197785146,10,0.8191826365405248,0.542666449830285,0.5129861965754235
530M,Dolma1.7 (no Flan),0.7964742944444119,0.7885851124803214,0.781624635045816,1.0792669505157395,10,0.6366763656935177,0.21861480597428481,0.5844100876057845
530M,Dolma1.7 (no Reddit),0.9590999386780967,0.8318064571888569,0.687219532721076,1.162603442052402,10,0.8505397470851682,0.6418782486935707,0.4719086854130966
530M,Dolma1.7 (no code),0.866596884492384,0.8275173471525464,0.8633718267264273,1.355549821284002,10,0.7969424258679065,0.5028950514655594,0.4906481827337243
530M,"Dolma1.7 (no math, code)",0.5937230669634449,0.7812492374508017,0.7878994232789301,1.6228472000427998,10,0.6218231832821566,0.20907785682815594,0.5615894917302072
530M,Falcon,0.6747793936585273,0.6409424797362089,0.697634395360513,1.0250651047852044,10,0.7201481383259711,0.39007870361879826,0.5581785213116043
530M,Falcon+CC,0.8875833137013077,0.6403043119872633,0.6280584393500632,0.9406130445273666,10,0.8219124780981555,0.4975704721780242,0.53145048488639
530M,Falcon+CC (QC 10%),0.278975612991001,0.42898546719891995,0.49703082357108497,1.0203336675683081,10,0.7578415962754652,0.4868771794269388,0.5630764561006489
530M,Falcon+CC (QC 20%),0.5531032072027748,0.7737932068002411,0.6508688154245357,1.050388405554993,10,0.6259415274785769,0.21637913997256197,0.5131876424376777
530M,Falcon+CC (QC Orig 10%),-0.01698956939148438,-0.08338188012595593,0.18538285659864237,1.5672323040833196,10,0.6306597283803553,0.2725392703950278,0.5581542297722785
530M,Falcon+CC (QC Tulu 10%),0.3860536310645311,0.3263870341438001,0.40054696857601446,1.5250431742948103,10,0.4814018909568909,-0.025434564704184207,0.522005922581599
530M,FineWeb-Edu,0.5029240806670876,0.5714818392346902,0.9422698465535653,0.6131339720831254,10,0.7209810870559682,0.3607279678538006,0.5122225456579171
530M,FineWeb-Pro,0.8810956254705259,0.8543043478211356,0.8168767460458948,1.4899947126677842,10,0.8176318906865456,0.6235673726053549,0.5642598775947346
60M,C4,0.916735260685339,0.8365127952480635,0.6500283286962085,2.275225297759973,10,0.7033402036782991,0.3224605285381862,0.5838048968190207
60M,DCLM-Baseline,0.7517750214568021,0.5778217258014178,0.5525256126903224,2.611678889540211,10,0.6611214847275269,0.29688778910853675,0.5486534888614634
60M,DCLM-Baseline (QC 10%),0.9238941223494409,0.8135552783510106,0.7336337799336836,1.5607717899739875,10,0.5964210903263916,0.08760153620870002,0.562046281248142
60M,DCLM-Baseline (QC 20%),0.8547367631101761,0.8411158388707923,0.7839140389525353,2.4660916863813283,10,0.6915312587536241,0.2752748769946521,0.5490593995993209
60M,"DCLM-Baseline (QC 7%, FW2)",0.1383749670298126,0.37418203747310125,0.4549017441666226,2.6176324072311763,10,0.7444114899618757,0.4435837274018051,0.5407458378522925
60M,"DCLM-Baseline (QC 7%, FW3)",0.899582370965848,0.8338753392500993,0.8149956592440633,2.2753485160641382,10,0.7972448317824672,0.5355579344981632,0.5665369142999842
60M,DCLM-Baseline (QC FW 10%),-0.2581880225030229,-0.09361835490037428,-0.20102878997224016,1.8595087047105845,10,0.4543195283627651,-0.08063051522633197,0.5523037080806497
60M,DCLM-Baseline (QC FW 3%),0.6385274477501407,0.7113242265071135,0.744221858913415,1.912576039821823,10,0.740554677801359,0.39925607348737985,0.5723736016359596
60M,DCLM-Baseline 25% / Dolma 75%,0.808507275496625,0.8409757140545436,0.7958084146902348,2.864427260795184,10,0.7969945085681301,0.5358992274409167,0.5258549448676904
60M,DCLM-Baseline 50% / Dolma 50%,0.9760547867776469,0.664961591723985,0.6516229156108339,1.9967496424823974,10,0.8582565453191446,0.6521714716380451,0.5576198220786817
60M,DCLM-Baseline 75% / Dolma 25%,0.0626421421750828,0.42485927257668615,0.3645850829905216,1.8762114812407598,10,0.7059293043741317,0.329279269980526,0.5185645448971574
60M,Dolma1.6++,-0.07509621090880729,0.21159857748450317,0.12001088345422262,1.7944802409109948,10,0.7316191518758108,0.42225037619328243,0.551490890195964
60M,Dolma1.7,0.9387146777150477,0.8775500350687201,0.67064708637358,1.0985275047088385,10,0.8727773008143451,0.6707278915221274,0.5469237069350802
60M,Dolma1.7 (no Flan),-0.35977142445307064,-0.519198887959487,-0.4750885245484301,1.477110565033871,10,0.6966491526343199,0.30973066948791295,0.5762018640350768
60M,Dolma1.7 (no Reddit),0.7035826251710374,0.8462286233765259,0.759118143149961,1.756610630263875,10,0.7800849680720214,0.48349140664349066,0.5313827884763256
60M,Dolma1.7 (no code),0.9277114704559418,0.8836349286963746,0.8992302644935083,2.9893031009383715,10,0.7553995238193234,0.46769984879763926,0.5306938237563749
60M,"Dolma1.7 (no math, code)",0.8090688394480248,0.7658796689907601,0.6183905514303789,1.9752291836077709,10,0.7915422580490183,0.5348861439508432,0.599800264564308
60M,Falcon,0.9422538532551381,0.7657323379064542,0.7354285582485117,2.415451252087064,10,0.8004375353496569,0.5530700921095688,0.5368145465645106
60M,Falcon+CC,0.9542481724641536,0.7560188182342711,0.6846489009132267,2.603143079419096,10,0.6988144540754431,0.3475963612453704,0.595078172635022
60M,Falcon+CC (QC 10%),-0.06118911968313861,0.1805372281988809,0.196359618196923,2.0527283971513213,10,0.6370428924520894,0.20320441205731313,0.5635279558235871
60M,Falcon+CC (QC 20%),0.7984734670539277,0.7821716399589316,0.8425769992235836,2.803329282799827,10,0.8072882057819342,0.5460267796396653,0.5156079347148735
60M,Falcon+CC (QC Orig 10%),0.9147044276414569,0.80892705791961,0.7323621235872855,2.2986556608862676,10,0.756618771408319,0.44324442762161487,0.5859120698895396
60M,Falcon+CC (QC Tulu 10%),0.5101613710986469,0.7565911004413125,0.7768660977969338,2.4694044935124118,10,0.7483385336972246,0.4223886214950089,0.49811301687949455
60M,FineWeb-Edu,0.8037849088043965,0.7097795423690448,0.7028278732336436,1.9951795747485201,10,0.7456114565567247,0.42480805150283946,0.5114722454925323
60M,FineWeb-Pro,0.8051646702165336,0.8368464442844464,0.8427686739651258,1.6851159823486377,10,0.8131504870178601,0.5518824875090015,0.5413009884069955
6M,C4,0.3704952943480281,0.4488814863301757,0.49417272999325956,2.1325810606743167,10,0.5644333807426936,0.10791834999187676,0.5463119108673742
6M,DCLM-Baseline,0.5931217561889037,0.743263244297365,0.684015809480902,1.6210041390689356,10,0.8192525327108284,0.6056014316544814,0.5260936120840303
6M,DCLM-Baseline (QC 10%),0.40044461551172505,0.4788034937753082,0.5367940637682477,4.123906366159288,10,0.8505991967542299,0.6475264272162796,0.543649787029881
6M,DCLM-Baseline (QC 20%),0.3937733291775609,0.58385399958456,0.5904127291257968,2.744765177499537,10,0.7795002643367802,0.46574242724520126,0.5704894238298629
6M,"DCLM-Baseline (QC 7%, FW2)",0.5857061480826141,0.27258456609278464,0.2228078405424412,1.908543417055804,10,0.847128060331188,0.6576821686063968,0.5152760896829579
6M,"DCLM-Baseline (QC 7%, FW3)",0.8765579326726655,0.8740188911731802,0.8552247777931365,2.4647420784379115,10,0.8034638042324386,0.5588372599515815,0.48557616660292735
6M,DCLM-Baseline (QC FW 10%),0.8228137591074024,0.9013899283140545,0.923633518027893,1.4007828446619253,10,0.6307089114992963,0.2685484434252194,0.5523883760225524
6M,DCLM-Baseline (QC FW 3%),-0.07262338537203722,0.3280187307540763,0.619804800714176,1.8561877503240187,10,0.8036996970802861,0.511314641984936,0.5481438558251921
6M,DCLM-Baseline 25% / Dolma 75%,0.3639815703254207,0.45034974598937577,0.48194470252418253,3.165672166334465,10,0.7313445987470502,0.3588720109831026,0.5923549505040084
6M,DCLM-Baseline 50% / Dolma 50%,0.9263684605902823,0.6690876338403929,0.7123372678869607,2.6561347839581506,10,0.849804144081153,0.6776388710365622,0.5053291896222601
6M,DCLM-Baseline 75% / Dolma 25%,0.1736882577706429,0.48672721013601317,0.5558421898723941,2.3741240083627244,10,0.6599733999936288,0.323255112007405,0.5862911707136432
6M,Dolma1.6++,0.43032714410933215,0.12508556864913453,0.25815619967210124,2.646946478748321,10,0.671551805492537,0.28700911345006364,0.5744768180679971
6M,Dolma1.7,0.9768403579957071,0.8921845671635549,0.9142936095035367,2.2817918175521195,10,0.8504680044691403,0.6847112937228798,0.5701756530582434
6M,Dolma1.7 (no Flan),0.7646235608144251,0.7141964562565478,0.3944373101538544,2.2052908370948754,10,0.717586436566275,0.3934029717674084,0.5631143759453462
6M,Dolma1.7 (no Reddit),0.14328737680433634,0.4468293529294321,0.5892487384562332,1.9525392553812384,10,0.731469249301064,0.42328505394940386,0.5770098355877692
6M,Dolma1.7 (no code),0.8831807026867274,0.6367093995450264,0.6094749772543955,3.6755029041813554,10,0.799770867102614,0.5342873309883077,0.5313147260231091
6M,"Dolma1.7 (no math, code)",0.5567088868635237,0.7033190608957943,0.43700016868498615,2.5261745748351743,10,0.8841775497862453,0.7072458983690957,0.5834655939072242
6M,Falcon,-0.014811078082732992,0.08479071708448753,0.10159753058212555,1.739639879353017,10,0.827109019940918,0.6164023687516241,0.5364208206891661
6M,Falcon+CC,0.8999513148298879,0.7426773861794702,0.5081146713867651,1.9922521998381677,10,0.7660084399494498,0.4848768818164899,0.5542888380311631
6M,Falcon+CC (QC 10%),0.9307596263673654,0.7100032854366778,0.8038315119641215,1.6158626013283177,10,0.7847469513634411,0.49463856395555955,0.5777721534698166
6M,Falcon+CC (QC 20%),0.6428187664488487,0.7998915180187115,0.5980522509613443,1.089447684750404,10,0.7918998237534322,0.575433644303644,0.5890345744409051
6M,Falcon+CC (QC Orig 10%),0.8108341377994825,0.27223380638843664,0.4921170760628343,1.2192742833652035,10,0.8683603197828171,0.6710687235617863,0.5507095827491523
6M,Falcon+CC (QC Tulu 10%),0.716861826963173,0.542829966931764,0.6225977988907496,2.6387608172809642,10,0.7466951986444997,0.351956982992935,0.5390199976756447
6M,FineWeb-Edu,0.8674536465321192,0.1616549606904979,0.10855660667363792,2.5595296054045735,10,0.9968527485773151,0.9916880478428977,0.9897142451255908
6M,FineWeb-Pro,0.19952629083728815,0.07795879572277885,0.6291511891615191,1.06320971188793,10,0.693180444430149,0.3384131463878965,0.5506159755886693
750M,C4,0.6065779462390819,0.736640533641537,0.6366257352762196,0.8829347357366963,10,0.8075260377670427,0.5134388083162116,0.5670772703138205
750M,DCLM-Baseline,0.6010276365968619,0.5888882410077635,0.6653252621226335,0.8642954648114128,10,0.7586808132555047,0.4472636870278588,0.4980943752894799
750M,DCLM-Baseline (QC 10%),0.6078367565157577,0.3652374301982357,0.1593619621530188,1.2992059185360483,10,0.8412573616828887,0.6502148492118873,0.49409115473444803
750M,DCLM-Baseline (QC 20%),0.937004535687106,0.9044283012266446,0.919253365229402,0.864095508883322,10,0.7462411615472699,0.4268223396931402,0.5415276787314954
750M,"DCLM-Baseline (QC 7%, FW2)",0.10055421990664876,0.1733678574197186,0.46621914893205885,1.105215117931788,10,0.5669589405627632,0.03162814540318696,0.5452752274873733
750M,"DCLM-Baseline (QC 7%, FW3)",0.3628907802831389,0.33232436850101743,0.14954519305524153,1.466506113659651,10,0.7599095452280167,0.452287483555935,0.5290844879358936
750M,DCLM-Baseline (QC FW 10%),0.9046178556176696,0.678050470211655,0.3992187196864428,1.284770032733444,10,0.8194676335921909,0.5844593303490151,0.5530139740911143
750M,DCLM-Baseline (QC FW 3%),0.9004959588634376,0.8678925737048546,0.8848133273352846,0.9347875787247497,10,0.7965846317895682,0.5210687365898709,0.6560493015247496
750M,DCLM-Baseline 25% / Dolma 75%,0.8710483004867877,0.863699371671585,0.8083568871550924,0.8119719055091235,10,0.6797541656201829,0.33134228520999975,0.5992779588378994
750M,DCLM-Baseline 50% / Dolma 50%,0.9132459005440122,0.7976516671785857,0.6926895270539606,0.7646193782333961,10,0.6964901880703187,0.352252987498607,0.5230546789142051
750M,DCLM-Baseline 75% / Dolma 25%,0.5618099125520519,0.6484110096986793,0.6075687724026568,0.6888298408852557,10,0.7282519094375555,0.39555244487018404,0.5465094727303289
750M,Dolma1.6++,0.16252199664540068,0.5914363091197491,0.5999811617142389,1.5109024694053188,10,0.8284922986742358,0.6057500197001363,0.5584506275804549
750M,Dolma1.7,0.6942540328199837,0.7483053890265771,0.7039145073284361,1.4648730839375168,10,0.7326588171045645,0.4292626560848152,0.607476517951684
750M,Dolma1.7 (no Flan),0.5932753127705291,0.8049427807153587,0.7519723989270567,0.9686362305303255,10,0.7856835752587064,0.5081297287902308,0.5653488753160126
750M,Dolma1.7 (no Reddit),0.38492068188970613,0.6795271592024176,0.6564147274112707,1.2405778665851968,10,0.6529433103388895,0.23476434409105565,0.5510651178298156
750M,Dolma1.7 (no code),0.31530031652047896,0.5167264957919476,0.5735298389125805,0.8340472203710294,10,0.8524397116079161,0.6456513024239606,0.5710834621602998
750M,"Dolma1.7 (no math, code)",0.954671603592744,0.8781210744063316,0.5792736983981739,0.8016962930743454,10,0.802752116538608,0.5686423180626504,0.5197163568518924
750M,Falcon,0.9280159920047458,0.7808781847790256,0.8497476967648262,1.3907622573311076,10,0.8252375167005144,0.6122494073699546,0.5660756264745737
750M,Falcon+CC,0.9769458093540158,0.908828527849252,0.6473706942004767,1.3451146706787376,10,0.7504983535219384,0.4703998682925562,0.5844473991451484
750M,Falcon+CC (QC 10%),0.6078968859959258,0.7370724818639006,0.7608865652572688,1.1351234911714911,10,0.7249911206135933,0.3849656703028327,0.5489249961754508
750M,Falcon+CC (QC 20%),0.7014844643648428,0.6208017387203087,0.6733950691207955,0.9469127405130923,10,0.6263736650919156,0.17822964384703113,0.582487261856209
750M,Falcon+CC (QC Orig 10%),0.9958627562952449,0.8776801460553985,0.7961626980333075,0.6379237210468416,10,0.865012997899214,0.6759180991483609,0.5371955666583039
750M,Falcon+CC (QC Tulu 10%),0.7194862303548186,0.6573814550508141,0.747494712870737,1.1243623004367207,10,0.6053726870756331,0.11755821497545729,0.5115061888176515
750M,FineWeb-Edu,0.689280701572986,0.4120728778672131,0.8184214652420226,0.6701817665192882,10,0.5574677973523006,0.07538991749154104,0.5017999748185391
750M,FineWeb-Pro,0.8681321314252888,0.8023130476772826,0.7751303291374702,0.8313596428678667,10,0.7205675639278841,0.38267412113131255,0.5885709870626263
8M,C4,0.13425083604779545,0.46631021667842276,0.48243565703466673,1.3345494363619084,10,0.7636553828627717,0.4120697351572232,0.5483061151946859
8M,DCLM-Baseline,0.5716885204859271,0.4284366415419614,0.7282427359047483,1.2021417147990607,10,0.8022733104636879,0.5615651068418324,0.5625577518282603
8M,DCLM-Baseline (QC 10%),0.7231741336171743,0.6246038760498143,0.8279542548396845,1.3778786379844603,10,0.8273974834068063,0.6082629786723733,0.5778352109087463
8M,DCLM-Baseline (QC 20%),0.27824778657746657,0.2744382032580889,0.39096159232641764,0.6222773916766786,10,0.7646273369087933,0.43043702487371766,0.5446552069407252
8M,"DCLM-Baseline (QC 7%, FW2)",0.9643104030109052,0.9340695964055634,0.8800731598063322,1.1596213940273241,10,0.7990786620666164,0.5778522802614898,0.5285582104333755
8M,"DCLM-Baseline (QC 7%, FW3)",0.5888554044490008,0.6847705129755993,0.23102642693950537,1.1434910578775526,10,0.6970694322696045,0.3481134078935768,0.5557404574463406
8M,DCLM-Baseline (QC FW 10%),0.85320229828467,0.7470311247744257,0.7197255775009032,1.122977812742831,10,0.8245081629455497,0.5787803968296756,0.5364804089336762
8M,DCLM-Baseline (QC FW 3%),0.8530143097802502,0.885565605940618,0.869896179576086,0.9399203931837925,10,0.7797810888507466,0.5381350340553425,0.542846885472799
8M,DCLM-Baseline 25% / Dolma 75%,0.6868451964432291,0.6515264857949524,0.6447968743092242,1.4181913385263871,10,0.744674014476027,0.4308201105148446,0.5250524078207595
8M,DCLM-Baseline 50% / Dolma 50%,0.151406261356976,0.6013704090119747,0.6218047796686526,1.2895146241359008,10,0.7920464799848724,0.493535589291424,0.5375209385310149
8M,DCLM-Baseline 75% / Dolma 25%,0.7506213549437336,0.19434633924896388,0.6080942538381514,0.921786856280971,10,0.8824310271212868,0.7094135822197989,0.5732964992925963
8M,Dolma1.6++,0.5979836496218126,0.7875555751072788,0.8020273440332084,0.9318031271072936,10,0.8386727521213717,0.6519205234867177,0.5772773457756389
8M,Dolma1.7,0.016722575914158534,0.3202141607827783,0.00283610194550784,1.336958745863147,10,0.6720136228508805,0.2529799467452189,0.5394137543280622
8M,Dolma1.7 (no Flan),0.9976034565663596,0.9133505740537046,0.8727781105039659,1.067396594207683,10,0.8760237203027876,0.7037734311417774,0.594802986092685
8M,Dolma1.7 (no Reddit),0.8655224666663147,0.7043726978391007,0.7557913948037355,1.6931652363382175,10,0.8566932186017955,0.6850090045323308,0.518264694715091
8M,Dolma1.7 (no code),0.4426678899326937,0.7415078515819967,0.7751838046121612,0.802438878673834,10,0.7602622637603779,0.4766290476581784,0.5912479073790015
8M,"Dolma1.7 (no math, code)",-0.12760185625796652,0.136874185172035,0.3928568961101565,1.403169444801831,10,0.7263732804237091,0.4029797762095254,0.5544857876405157
8M,Falcon,0.10288646600335155,0.3708877630962119,0.4159702631137059,1.24439038263405,10,0.7408353009511863,0.40513458115978895,0.5439253366063992
8M,Falcon+CC,0.4475382612991284,0.7130537436842816,0.6563065860856638,1.6586888997706986,10,0.7283324130702501,0.43926095838550966,0.4921278113667804
8M,Falcon+CC (QC 10%),0.07176391289816682,0.5202526074441046,0.5784710584972899,0.7543884257195616,10,0.8258573180096243,0.5406506842984105,0.5339968921760213
8M,Falcon+CC (QC 20%),0.8703480172489879,0.7798925435486587,0.7115604220267937,1.6555521446074182,10,0.7485550234610674,0.43340725522014595,0.5505397509428492
8M,Falcon+CC (QC Orig 10%),0.7965760775255424,0.8036993814660626,0.7347246453204039,1.0976125086649942,10,0.7481217106987241,0.4204813511516796,0.5301871005896351
8M,Falcon+CC (QC Tulu 10%),0.05872375419951628,0.10238722640494476,0.4824281805878769,1.1706324904313776,10,0.8440447105639388,0.6239456885743602,0.5420547893096759
8M,FineWeb-Edu,0.15611813477824313,-0.013087998238967526,-0.16428422723276734,1.5377701346518995,10,0.9020806338824177,0.7633283332681323,0.6765414386339607
8M,FineWeb-Pro,0.39821506888036906,0.4610689121671545,0.5471582059860371,1.2167212542079184,10,0.7914405838187449,0.5297732284869779,0.5797013357818206
90M,C4,0.7264373571657458,0.5345503415787111,0.7032624534843532,1.5167353655246893,10,0.8445589568923163,0.6105062013593114,0.5100426952166486
90M,DCLM-Baseline,0.6621738379034029,0.5344694634904196,0.5775222560224075,1.2031633376660644,10,0.4888465432742784,0.06333044099597183,0.5376425060050349
90M,DCLM-Baseline (QC 10%),0.8145391663780339,0.8232888769298059,0.7357520907319949,1.2751394820798911,10,0.6992522896067939,0.3262763466070876,0.5679761751766418
90M,DCLM-Baseline (QC 20%),0.21433305524903257,0.3360102888986438,0.17633894641836828,1.5697607623167273,10,0.7130842231931159,0.36283489349858916,0.5634650193450486
90M,"DCLM-Baseline (QC 7%, FW2)",0.6789397387429765,0.8454238008139612,0.7965836241122654,1.5523604404637803,10,0.6452083412560261,0.25370051786156556,0.5608966478406887
90M,"DCLM-Baseline (QC 7%, FW3)",0.81262117358914,0.6594574153616733,0.6552013345401685,1.2868850599741195,10,0.7747539519890447,0.4830689786242909,0.5555844888321487
90M,DCLM-Baseline (QC FW 10%),0.951115441904841,0.8836834991597123,0.8304234529205952,1.7590733087519004,10,0.7701798161653353,0.4110846654898435,0.5420508062628483
90M,DCLM-Baseline (QC FW 3%),0.9698002165229155,0.9210303666136774,0.9262555786356806,1.4421293454211774,10,0.7745554337284024,0.4806986260502001,0.5307202797039813
90M,DCLM-Baseline 25% / Dolma 75%,0.7236842786602801,0.7582381200458342,0.6914812684764411,1.846778814540267,10,0.7354766151182084,0.4606308846952392,0.5473236819954309
90M,DCLM-Baseline 50% / Dolma 50%,0.8092629739140139,0.6975384105177399,0.6210521302868288,1.7506240492585063,10,0.7872844326300474,0.48796688340804056,0.5189276769388295
90M,DCLM-Baseline 75% / Dolma 25%,0.5661776680567714,0.4662938779432781,0.48316523228169,1.229750735613246,10,0.5824239360160406,0.1014124719551727,0.50646258517543
90M,Dolma1.6++,0.19770169306456523,0.22984296152786396,0.2725075957689316,2.197453987050598,10,0.5024545176187096,-0.01411381272802262,0.5446302181757092
90M,Dolma1.7,0.6568872975091895,0.6555633800563396,0.649918973744778,1.6953446251483792,10,0.6853275774266931,0.36306673286714536,0.5090792644360598
90M,Dolma1.7 (no Flan),0.7053896378720226,0.7084080953671831,0.7726314855794779,1.3386389443508504,10,0.7958748282451691,0.5349611901401908,0.5718338013806323
90M,Dolma1.7 (no Reddit),0.923875401179773,0.8193828650247612,0.807538166142146,2.3111725134401553,10,0.8126902496992041,0.5637026413343706,0.5184702283170431
90M,Dolma1.7 (no code),0.9791857201559624,0.9156177295454297,0.8583742022536524,1.8879427423996626,10,0.8213665015214353,0.6085162845574846,0.5537364828338026
90M,"Dolma1.7 (no math, code)",0.7978648312662494,0.7685848129985204,0.685524645489884,1.7656667212105133,10,0.8426613422098485,0.6397525209833279,0.5529420858797444
90M,Falcon,0.28445099080284103,0.45966624213892027,0.44193925701158254,1.8487943438233732,10,0.4894065904888173,-0.05213829492407683,0.5276887324352015
90M,Falcon+CC,0.7941547601031305,0.6709547673975823,0.4885366192019341,1.8663049441360107,10,0.7788842249621664,0.4759937829405238,0.5152339649275027
90M,Falcon+CC (QC 10%),0.8548032944716314,0.6295972613616573,0.5827457602739267,1.7442858824847725,10,0.7084011508253838,0.34660403341927065,0.5634291717309093
90M,Falcon+CC (QC 20%),0.520464588768134,0.5238290945813557,0.28088126141705105,1.312041496297875,10,0.5289170560439385,0.054657381626326614,0.5535050404612584
90M,Falcon+CC (QC Orig 10%),0.6295264817178498,0.5535788359300959,0.5977052742494922,2.714879081010462,10,0.5785221735019461,0.13559276100896298,0.5373012969459657
90M,Falcon+CC (QC Tulu 10%),0.46941243424579565,0.787140517104861,0.8159021672524337,1.4851689325244863,10,0.7303068192445106,0.4112906043510784,0.5313704811631002
90M,FineWeb-Edu,0.0035936616454019144,0.30658228849137303,0.006114776898059071,2.1892871201781725,10,0.6963403704110331,0.29678600565167873,0.5398766233050684
90M,FineWeb-Pro,0.3821392883783953,0.5746725282960243,0.6482211905035774,1.4832266706217103,10,0.649562414463853,0.21070527776711662,0.5111177507783745
