task,size,n_pairs,acc_seedmean,acc_singleseed,err,err_small_unstable,err_tgt_unstable,err_any_unstable,err_stable,share_err_any_unstable,share_err_small_unstable
olmes_10_macro_avg,4M,300,0.31,0.3777777777777778,207,128,20,131,76,0.6328502415458938,0.6183574879227053
olmes_10_macro_avg,6M,300,0.44666666666666666,0.45777777777777773,166,94,23,106,60,0.6385542168674698,0.5662650602409639
olmes_10_macro_avg,8M,300,0.5733333333333334,0.5677777777777778,128,96,20,102,26,0.796875,0.75
olmes_10_macro_avg,10M,300,0.58,0.5922222222222222,126,110,22,113,13,0.8968253968253969,0.873015873015873
olmes_10_macro_avg,14M,300,0.5933333333333334,0.5688888888888888,122,99,23,106,16,0.8688524590163934,0.8114754098360656
olmes_10_macro_avg,16M,300,0.7133333333333334,0.6377777777777778,86,54,18,60,26,0.6976744186046512,0.627906976744186
olmes_10_macro_avg,20M,300,0.7366666666666667,0.6444444444444444,79,52,20,58,21,0.7341772151898734,0.6582278481012658
olmes_10_macro_avg,60M,300,0.7633333333333333,0.7133333333333333,71,47,25,56,15,0.7887323943661971,0.6619718309859155
olmes_10_macro_avg,90M,300,0.8,0.7822222222222223,60,22,18,35,25,0.5833333333333334,0.36666666666666664
olmes_10_macro_avg,150M,300,0.8266666666666667,0.8022222222222222,52,18,16,28,24,0.5384615384615384,0.34615384615384615
olmes_10_macro_avg,300M,300,0.8566666666666667,0.82,43,14,18,26,17,0.6046511627906976,0.32558139534883723
olmes_10_macro_avg,530M,300,0.88,0.8433333333333333,36,11,18,23,13,0.6388888888888888,0.3055555555555556
olmes_10_macro_avg,750M,300,0.8566666666666667,0.8122222222222221,43,14,17,25,18,0.5813953488372093,0.32558139534883723
arc_challenge,4M,300,0.61,0.5211111111111111,117,76,18,86,31,0.7350427350427351,0.6495726495726496
arc_challenge,6M,300,0.58,0.5555555555555555,126,95,21,102,24,0.8095238095238095,0.753968253968254
arc_challenge,8M,300,0.5433333333333333,0.5455555555555556,137,104,25,112,25,0.8175182481751825,0.7591240875912408
arc_challenge,10M,300,0.5166666666666667,0.5077777777777777,145,113,19,120,25,0.8275862068965517,0.7793103448275862
arc_challenge,14M,300,0.67,0.5877777777777777,99,78,18,83,16,0.8383838383838383,0.7878787878787878
arc_challenge,16M,300,0.8033333333333333,0.6666666666666666,59,55,15,58,1,0.9830508474576272,0.9322033898305084
arc_challenge,20M,300,0.7966666666666666,0.7122222222222222,61,54,18,59,2,0.9672131147540983,0.8852459016393442
arc_challenge,60M,300,0.8233333333333334,0.768888888888889,53,47,21,49,4,0.9245283018867925,0.8867924528301887
arc_challenge,90M,300,0.8966666666666666,0.8355555555555555,31,27,12,29,2,0.9354838709677419,0.8709677419354839
arc_challenge,150M,300,0.8466666666666667,0.8266666666666667,46,31,18,35,11,0.7608695652173914,0.6739130434782609
arc_challenge,300M,300,0.9266666666666666,0.8844444444444444,22,15,14,21,1,0.9545454545454546,0.6818181818181818
arc_challenge,530M,300,0.9366666666666666,0.9077777777777777,19,8,12,15,4,0.7894736842105263,0.42105263157894735
arc_challenge,750M,300,0.94,0.9011111111111112,18,11,11,16,2,0.8888888888888888,0.6111111111111112
arc_easy,4M,300,0.9066666666666666,0.8722222222222222,28,23,13,25,3,0.8928571428571429,0.8214285714285714
arc_easy,6M,300,0.92,0.8711111111111113,24,17,7,19,5,0.7916666666666666,0.7083333333333334
arc_easy,8M,300,0.8766666666666667,0.8544444444444446,37,29,11,31,6,0.8378378378378378,0.7837837837837838
arc_easy,10M,300,0.91,0.8822222222222222,27,19,10,22,5,0.8148148148148148,0.7037037037037037
arc_easy,14M,300,0.8933333333333333,0.8733333333333333,32,17,11,23,9,0.71875,0.53125
arc_easy,16M,300,0.89,0.88,33,26,7,28,5,0.8484848484848485,0.7878787878787878
arc_easy,20M,300,0.8933333333333333,0.8822222222222222,32,17,10,22,10,0.6875,0.53125
arc_easy,60M,300,0.93,0.9055555555555554,21,13,12,18,3,0.8571428571428571,0.6190476190476191
arc_easy,90M,300,0.94,0.9244444444444446,18,15,9,16,2,0.8888888888888888,0.8333333333333334
arc_easy,150M,300,0.95,0.941111111111111,15,8,9,12,3,0.8,0.5333333333333333
arc_easy,300M,300,0.9533333333333334,0.9477777777777777,14,5,10,12,2,0.8571428571428571,0.35714285714285715
arc_easy,530M,300,0.97,0.9533333333333334,9,4,6,9,0,1.0,0.4444444444444444
arc_easy,750M,300,0.9666666666666667,0.9555555555555556,10,9,8,9,1,0.9,0.9
boolq,4M,300,0.42333333333333334,0.43111111111111117,173,92,104,147,26,0.8497109826589595,0.5317919075144508
boolq,6M,300,0.3333333333333333,0.3444444444444444,200,117,109,156,44,0.78,0.585
boolq,8M,300,0.38333333333333336,0.4522222222222222,185,137,98,157,28,0.8486486486486486,0.7405405405405405
boolq,10M,300,0.44666666666666666,0.4755555555555555,166,117,84,145,21,0.8734939759036144,0.7048192771084337
boolq,14M,300,0.5433333333333333,0.4855555555555554,137,79,80,115,22,0.8394160583941606,0.5766423357664233
boolq,16M,300,0.5133333333333333,0.5444444444444444,146,109,78,127,19,0.8698630136986302,0.7465753424657534
boolq,20M,300,0.5033333333333333,0.5566666666666666,149,112,78,138,11,0.9261744966442953,0.7516778523489933
boolq,60M,300,0.5133333333333333,0.5366666666666666,146,123,80,137,9,0.9383561643835616,0.8424657534246576
boolq,90M,300,0.6,0.5722222222222222,120,87,71,110,10,0.9166666666666666,0.725
boolq,150M,300,0.6133333333333333,0.57,116,54,61,87,29,0.75,0.46551724137931033
boolq,300M,300,0.6566666666666666,0.6155555555555554,103,74,63,91,12,0.883495145631068,0.7184466019417476
boolq,530M,300,0.68,0.6444444444444444,96,71,60,86,10,0.8958333333333334,0.7395833333333334
boolq,750M,300,0.6166666666666667,0.5755555555555555,115,72,64,94,21,0.8173913043478261,0.6260869565217392
csqa,4M,300,0.67,0.59,99,73,40,83,16,0.8383838383838383,0.7373737373737373
csqa,6M,300,0.61,0.5822222222222222,117,87,42,97,20,0.8290598290598291,0.7435897435897436
csqa,8M,300,0.62,0.5844444444444444,114,65,40,78,36,0.6842105263157895,0.5701754385964912
csqa,10M,300,0.7533333333333333,0.6777777777777777,74,51,34,62,12,0.8378378378378378,0.6891891891891891
csqa,14M,300,0.7633333333333333,0.6511111111111112,71,62,38,68,3,0.9577464788732394,0.8732394366197183
csqa,16M,300,0.6033333333333334,0.6211111111111111,119,87,47,99,20,0.8319327731092437,0.7310924369747899
csqa,20M,300,0.65,0.6177777777777778,105,52,38,71,34,0.6761904761904762,0.49523809523809526
csqa,60M,300,0.6966666666666667,0.66,91,56,39,65,26,0.7142857142857143,0.6153846153846154
csqa,90M,300,0.7333333333333333,0.7033333333333334,80,40,31,57,23,0.7125,0.5
csqa,150M,300,0.7433333333333333,0.6977777777777778,77,48,30,59,18,0.7662337662337663,0.6233766233766234
csqa,300M,300,0.8433333333333334,0.8066666666666666,47,28,26,37,10,0.7872340425531915,0.5957446808510638
csqa,530M,300,0.8466666666666667,0.8122222222222223,46,32,21,40,6,0.8695652173913043,0.6956521739130435
csqa,750M,300,0.8133333333333334,0.7711111111111112,56,35,30,49,7,0.875,0.625
hellaswag,4M,299,0.34448160535117056,0.40914158305462645,196,130,13,133,63,0.6785714285714286,0.6632653061224489
hellaswag,6M,299,0.3745819397993311,0.39464882943143814,187,89,13,92,95,0.4919786096256685,0.47593582887700536
hellaswag,8M,299,0.47157190635451507,0.4626532887402452,158,86,11,91,67,0.5759493670886076,0.5443037974683544
hellaswag,10M,299,0.4782608695652174,0.47937569676700104,156,79,10,83,73,0.532051282051282,0.5064102564102564
hellaswag,14M,299,0.3879598662207358,0.4526198439241917,183,127,14,129,54,0.7049180327868853,0.6939890710382514
hellaswag,16M,299,0.46153846153846156,0.47380156075808255,161,88,10,91,70,0.5652173913043478,0.546583850931677
hellaswag,20M,299,0.28762541806020064,0.3232998885172798,213,96,15,101,112,0.47417840375586856,0.4507042253521127
hellaswag,60M,299,0.4882943143812709,0.47491638795986624,153,45,12,51,102,0.3333333333333333,0.29411764705882354
hellaswag,90M,299,0.6254180602006689,0.6321070234113713,112,39,12,44,68,0.39285714285714285,0.3482142857142857
hellaswag,150M,299,0.7123745819397993,0.6989966555183946,86,26,10,33,53,0.38372093023255816,0.3023255813953488
hellaswag,300M,299,0.862876254180602,0.842809364548495,41,16,10,23,18,0.5609756097560976,0.3902439024390244
hellaswag,530M,299,0.9163879598662207,0.903010033444816,25,8,10,13,12,0.52,0.32
hellaswag,750M,299,0.9163879598662207,0.9108138238573023,25,12,7,17,8,0.68,0.48
mmlu,4M,300,0.48333333333333334,0.4955555555555555,155,107,14,113,42,0.7290322580645161,0.6903225806451613
mmlu,6M,300,0.7566666666666667,0.6855555555555555,73,54,11,56,17,0.7671232876712328,0.7397260273972602
mmlu,8M,300,0.8066666666666666,0.7444444444444445,58,44,14,47,11,0.8103448275862069,0.7586206896551724
mmlu,10M,300,0.84,0.7655555555555555,48,40,9,43,5,0.8958333333333334,0.8333333333333334
mmlu,14M,300,0.86,0.7933333333333333,42,24,8,27,15,0.6428571428571429,0.5714285714285714
mmlu,16M,300,0.8533333333333334,0.818888888888889,44,34,11,36,8,0.8181818181818182,0.7727272727272727
mmlu,20M,300,0.8433333333333334,0.8077777777777777,47,25,12,29,18,0.6170212765957447,0.5319148936170213
mmlu,60M,300,0.8433333333333334,0.8377777777777777,47,31,16,35,12,0.7446808510638298,0.6595744680851063
mmlu,90M,300,0.9033333333333333,0.8666666666666667,29,17,13,22,7,0.7586206896551724,0.5862068965517241
mmlu,150M,300,0.9133333333333333,0.8833333333333333,26,14,14,20,6,0.7692307692307693,0.5384615384615384
mmlu,300M,300,0.9033333333333333,0.8955555555555554,29,14,13,22,7,0.7586206896551724,0.4827586206896552
mmlu,530M,300,0.9533333333333334,0.941111111111111,14,7,7,10,4,0.7142857142857143,0.5
mmlu,750M,300,0.9366666666666666,0.9144444444444444,19,11,11,16,3,0.8421052631578947,0.5789473684210527
openbookqa,4M,300,0.5066666666666667,0.5211111111111111,148,122,53,135,13,0.9121621621621622,0.8243243243243243
openbookqa,6M,300,0.6233333333333333,0.54,113,83,45,95,18,0.8407079646017699,0.7345132743362832
openbookqa,8M,300,0.6933333333333334,0.5877777777777778,92,72,37,81,11,0.8804347826086957,0.782608695652174
openbookqa,10M,300,0.5866666666666667,0.53,124,104,46,114,10,0.9193548387096774,0.8387096774193549
openbookqa,14M,300,0.7066666666666667,0.6111111111111112,88,70,43,77,11,0.875,0.7954545454545454
openbookqa,16M,300,0.6566666666666666,0.5833333333333334,103,67,41,83,20,0.8058252427184466,0.6504854368932039
openbookqa,20M,300,0.6933333333333334,0.6366666666666667,92,74,43,84,8,0.9130434782608695,0.8043478260869565
openbookqa,60M,300,0.69,0.6633333333333333,93,70,47,84,9,0.9032258064516129,0.7526881720430108
openbookqa,90M,300,0.7933333333333333,0.7122222222222222,62,42,34,57,5,0.9193548387096774,0.6774193548387096
openbookqa,150M,300,0.8166666666666667,0.7377777777777778,55,34,30,46,9,0.8363636363636363,0.6181818181818182
openbookqa,300M,300,0.8233333333333334,0.7933333333333333,53,38,32,48,5,0.9056603773584906,0.7169811320754716
openbookqa,530M,300,0.8333333333333334,0.7755555555555554,50,29,30,42,8,0.84,0.58
openbookqa,750M,300,0.7866666666666666,0.7322222222222222,64,35,39,55,9,0.859375,0.546875
piqa,4M,300,0.7133333333333334,0.6688888888888889,86,52,41,68,18,0.7906976744186046,0.6046511627906976
piqa,6M,300,0.7266666666666667,0.658888888888889,82,64,38,76,6,0.926829268292683,0.7804878048780488
piqa,8M,300,0.7733333333333333,0.6866666666666666,68,47,31,56,12,0.8235294117647058,0.6911764705882353
piqa,10M,300,0.68,0.6233333333333333,96,64,40,78,18,0.8125,0.6666666666666666
piqa,14M,300,0.8266666666666667,0.7466666666666667,52,40,33,46,6,0.8846153846153846,0.7692307692307693
piqa,16M,300,0.7833333333333333,0.7322222222222222,65,53,31,62,3,0.9538461538461539,0.8153846153846154
piqa,20M,300,0.71,0.6622222222222222,87,65,40,77,10,0.8850574712643678,0.7471264367816092
piqa,60M,300,0.7033333333333334,0.6822222222222222,89,49,41,71,18,0.797752808988764,0.550561797752809
piqa,90M,300,0.7833333333333333,0.7222222222222223,65,56,34,63,2,0.9692307692307692,0.8615384615384616
piqa,150M,300,0.8033333333333333,0.7544444444444444,59,37,42,56,3,0.9491525423728814,0.6271186440677966
piqa,300M,300,0.8,0.7288888888888888,60,44,32,50,10,0.8333333333333334,0.7333333333333333
piqa,530M,300,0.8166666666666667,0.7655555555555557,55,45,32,50,5,0.9090909090909091,0.8181818181818182
piqa,750M,300,0.7966666666666666,0.7422222222222223,61,45,42,56,5,0.9180327868852459,0.7377049180327869
socialiqa,4M,300,0.45,0.46888888888888886,165,120,74,137,28,0.8303030303030303,0.7272727272727273
socialiqa,6M,300,0.58,0.5622222222222222,126,95,69,116,10,0.9206349206349206,0.753968253968254
socialiqa,8M,300,0.7633333333333333,0.6544444444444444,71,47,40,64,7,0.9014084507042254,0.6619718309859155
socialiqa,10M,300,0.6333333333333333,0.56,110,81,59,98,12,0.8909090909090909,0.7363636363636363
socialiqa,14M,300,0.6066666666666667,0.571111111111111,118,78,63,105,13,0.8898305084745762,0.6610169491525424
socialiqa,16M,300,0.7066666666666667,0.6233333333333333,88,64,57,79,9,0.8977272727272727,0.7272727272727273
socialiqa,20M,300,0.6166666666666667,0.5677777777777777,115,85,56,99,16,0.8608695652173913,0.7391304347826086
socialiqa,60M,300,0.73,0.6666666666666666,81,66,58,79,2,0.9753086419753086,0.8148148148148148
socialiqa,90M,300,0.65,0.6077777777777778,105,70,60,90,15,0.8571428571428571,0.6666666666666666
socialiqa,150M,300,0.6733333333333333,0.6322222222222222,98,76,61,91,7,0.9285714285714286,0.7755102040816326
socialiqa,300M,300,0.7433333333333333,0.7088888888888889,77,57,58,72,5,0.935064935064935,0.7402597402597403
socialiqa,530M,300,0.8133333333333334,0.7344444444444445,56,36,37,51,5,0.9107142857142857,0.6428571428571429
socialiqa,750M,300,0.82,0.7288888888888888,54,38,36,49,5,0.9074074074074074,0.7037037037037037
winogrande,4M,300,0.38333333333333336,0.4411111111111111,185,146,64,158,27,0.8540540540540541,0.7891891891891892
winogrande,6M,300,0.41333333333333333,0.43,176,128,65,144,32,0.8181818181818182,0.7272727272727273
winogrande,8M,300,0.5366666666666666,0.5133333333333333,139,122,60,131,8,0.9424460431654677,0.8776978417266187
winogrande,10M,300,0.5533333333333333,0.53,134,101,51,117,17,0.8731343283582089,0.753731343283582
winogrande,14M,300,0.43666666666666665,0.43888888888888894,169,123,60,144,25,0.8520710059171598,0.727810650887574
winogrande,16M,300,0.3433333333333333,0.39222222222222225,197,118,62,140,57,0.7106598984771574,0.5989847715736041
winogrande,20M,300,0.44333333333333336,0.46888888888888886,167,132,59,145,22,0.8682634730538922,0.7904191616766467
winogrande,60M,300,0.48,0.4977777777777777,156,126,60,136,20,0.8717948717948718,0.8076923076923077
winogrande,90M,300,0.46,0.47,162,125,55,140,22,0.8641975308641975,0.7716049382716049
winogrande,150M,300,0.4533333333333333,0.4655555555555555,164,113,58,128,36,0.7804878048780488,0.6890243902439024
winogrande,300M,300,0.7133333333333334,0.6366666666666667,86,75,41,83,3,0.9651162790697675,0.872093023255814
winogrande,530M,300,0.8,0.7344444444444445,60,47,30,55,5,0.9166666666666666,0.7833333333333333
winogrande,750M,300,0.69,0.6277777777777778,93,81,46,89,4,0.956989247311828,0.8709677419354839
